{
   "savings": {
      "unique_name": "savings",
      "nickname": "Savings",
      "account_number": "xxxxx1212",
      "transactions": [
         {
            "date": "05/14/2018",
            "type": "Credit",
            "description": "SHARP*EMPLOYER",
            "status": "cleared",
            "amount": 2100.00
         },
         {
            "date": "05/13/2018",
            "type": "Debit",
            "description": "WITHDRAWL",
            "status": "cleared",
            "amount": 600.00
         }
      ],
      "prior_balance": 33553.21,
      "balance": 34590.00
   },
   "checking": {
      "unique_name": "checking",
      "nickname": "Checking",
      "account_number": "xxxxx1213",
      "transactions": [
         {
            "date": "05/14/2018",
            "type": "Debit",
            "description": "PS INST XFER",
            "status": "cleared",
            "amount": 10.00
         },
         {
            "date": "05/13/2018",
            "type": "Debit",
            "description": "MICRO PAY",
            "status": "cleared",
            "amount": 41.74
         },
         {
            "date": "05/13/2018",
            "type": "Debit",
            "description": "CAFE PS",
            "status": "cleared",
            "amount": 6.76
         },
         {
            "date": "05/13/2018",
            "type": "Debit",
            "description": "LOCAL*GROCER",
            "status": "cleared",
            "amount": 145.32
         }
      ],
      "prior_balance": 2111.00,
      "balance": 1245.30
   },
   "credit": {
      "unique_name": "credit",
      "nickname": "Credit Card",
      "account_number": "xxxxxxxxxxxx9810",
      "transactions": [
         {
            "date": "05/14/2018",
            "type": "Debit",
            "description": "ACME GAMES",
            "status": "cleared",
            "amount": 193.25
         },
         {
            "date": "05/13/2018",
            "type": "Debit",
            "description": "YO*BOOKSTORE",
            "status": "cleared",
            "amount": 134.23
         },
         {
            "date": "05/13/2018",
            "type": "Debit",
            "description": "The PS Store",
            "status": "cleared",
            "amount": 54.67
         }
      ],
      "balance": 325.00,
      "available": 12125.00
   }
}