{
  "data": {
    "type": "rentals",
    "id": "grand-old-mansion",
    "attributes": {
      "title": "Grand Old Mansion",
      "owner": "Rohtash Lakra",
      "city": "San Francisco",
      "location": {
        "lat": 37.7749,
        "lng": -122.4194
      },
      "category": "Estate",
      "bedrooms": 16,
      "image": "https://upload.wikimedia.org/wikipedia/commons/c/cb/Crane_estate_(5).jpg",
      "description": "This grand old mansion sits on over 100 acres of rolling hills and dense redwood forests."
    }
  }
}
