{
    "marketingSections": [
        {
            "name": "Full Page",
            "items": [
                {
                    "title": "Landing Page",
                    "description": "Complete landing pages with all the bells and whistles.",
                    "items": "1",
                    "image": "/images/cards/pages/landing-page.png",
                    "disabled": false,
                    "link": "/play/marketing/full-page/landing",
                    "tags": [
                        "Navbar",
                        "Button",
                        "Type"
                    ]
                },
                {
                    "title": "Pricing",
                    "description": "Complete pricing pages to knock those sales numbers out of the park.",
                    "items": "1",
                    "image": "/images/cards/sections/pricing.png",
                    "disabled": true,
                    "tags": [
                        "Type",
                        "Buttons"
                    ]
                }
            ]
        },
        {
            "name": "Page Sections",
            "items": [
                {
                    "title": "Hero",
                    "description": "Hero sections to put your products front and center.",
                    "items": "3",
                    "image": "/images/cards/sections/hero.png",
                    "link": "/play/marketing/page-sections/hero",
                    "disabled": false,
                    "tags": [
                        "Type",
                        "Buttons",
                        "Image",
                        "Nav",
                        "Logo"
                    ]
                },
                {
                    "title": "Content",
                    "description": "Content sections for housing related text, images, links, and more together.",
                    "items": "4",
                    "image": "/images/cards/sections/content.png",
                    "link": "/play/marketing/page-sections/content",
                    "disabled": false,
                    "tags": [
                        "Type",
                        "Buttons",
                        "Image",
                        "Nav"
                    ]
                },
                {
                    "title": "Features",
                    "description": "Feature sections to show off your product’s best offerings.",
                    "items": "2",
                    "image": "/images/cards/sections/features.png",
                    "link": "/play/marketing/page-sections/features",
                    "disabled": false,
                    "tags": [
                        "Type",
                        "Box"
                    ]
                },
                {
                    "title": "Blog Posts",
                    "description": "Blog post sections to house your latest thoughts and musings.",
                    "items": "1",
                    "image": "/images/cards/sections/blog-posts.png",
                    "link": "/play/marketing/page-sections/blog-posts",
                    "disabled": false,
                    "tags": [
                        "Type",
                        "Image",
                        "Link"
                    ]
                },
                {
                    "title": "Call To Action",
                    "description": "Call to action banners to increase those conversion rates.",
                    "items": "5",
                    "image": "/images/cards/sections/call-to-action.png",
                    "link": "/play/marketing/page-sections/call-to-actions",
                    "disabled": false,
                    "tags": [
                        "Type",
                        "Button"
                    ]
                },
                {
                    "title": "Sign Up",
                    "description": "Sign Up section to introduce product capabilities to new users.",
                    "items": "1",
                    "image": "/images/cards/sections/pricing.png",
                    "link": "/play/marketing/page-sections/sign-up",
                    "disabled": false,
                    "tags": [
                        "Type",
                        "Buttons"
                    ]
                }
            ]
        }
    ],
    "applicationSections": [
        {
            "name": "Full Page",
            "items": [
                {
                    "title": "Error",
                    "description": "Redirect your users to these pages when they encounter an error.",
                    "items": "1",
                    "image": "/images/cards/pages/404.png",
                    "disabled": false,
                    "link": "/play/application-ui/full-page/error",
                    "tags": [
                        "Navbar",
                        "Animation"
                    ]
                }
            ]
        },
        {
            "name": "Overlays",
            "items": [
                {
                    "title": "Modals",
                    "description": "Modals are used to present an important message or task to a user.",
                    "items": "2",
                    "image": "/images/cards/sections/request-form.png",
                    "link": "/play/application-ui/overlays/modals",
                    "disabled": false,
                    "tags": [
                        "Fields",
                        "Buttons",
                        "Modal"
                    ]
                },
                {
                    "title": "Alerts",
                    "description": "Alerts for multiple forms of notifications on a UI.",
                    "items": "7",
                    "image": "/images/cards/components/alerts.png",
                    "link": "/play/application-ui/overlays/alerts",
                    "disabled": false,
                    "tags": [
                        "Alerts",
                        "Links",
                        "Icons"
                    ]
                }
            ]
        },
        {
            "name": "Informational",
            "items": [
                {
                    "title": "Data Table",
                    "description": "Orangize large amounts of data with data table pages.",
                    "items": "3",
                    "image": "/images/cards/components/table.png",
                    "link": "/play/application-ui/informational/datatables",
                    "disabled": false,
                    "tags": [
                        "Table",
                        "Nav",
                        "Tabs"
                    ]
                },
                {
                    "title": "Settings",
                    "description": "Settings templates to plug right into your product.",
                    "items": "2",
                    "image": "/images/cards/pages/settings.png",
                    "link": "/play/application-ui/informational/settings",
                    "disabled": false,
                    "tags": [
                        "Table",
                        "Nav",
                        "Tabs"
                    ]
                },
                {
                    "title": "Welcome",
                    "description": "Welcome sections to introduce product capabilities to new users.",
                    "items": "1",
                    "image": "/images/cards/coming-soon.png",
                    "link": "/play/application-ui/informational/welcome",
                    "disabled": false
                }
            ]
        }
    ]
}