{"v":"5.6.9","fr":24,"ip":0,"op":432,"w":930,"h":740,"nm":"denali-hero","ddd":0,"assets":[{"id":"image_0","w":770,"h":242,"u":"images/","p":"img_0.png","e":0},{"id":"image_1","w":255,"h":47,"u":"images/","p":"img_1.png","e":0},{"id":"image_2","w":252,"h":44,"u":"images/","p":"img_2.png","e":0},{"id":"image_3","w":143,"h":48,"u":"images/","p":"img_3.png","e":0},{"id":"image_4","w":142,"h":47,"u":"images/","p":"img_4.png","e":0},{"id":"image_5","w":178,"h":50,"u":"images/","p":"img_5.png","e":0},{"id":"image_6","w":178,"h":50,"u":"images/","p":"img_6.png","e":0},{"id":"image_7","w":172,"h":44,"u":"images/","p":"img_7.png","e":0},{"id":"image_8","w":178,"h":121,"u":"images/","p":"img_8.png","e":0},{"id":"image_9","w":179,"h":121,"u":"images/","p":"img_9.png","e":0},{"id":"image_10","w":872,"h":31,"u":"images/","p":"img_10.png","e":0},{"id":"image_11","w":872,"h":31,"u":"images/","p":"img_11.png","e":0},{"id":"image_12","w":134,"h":35,"u":"images/","p":"img_12.png","e":0},{"id":"image_13","w":134,"h":35,"u":"images/","p":"img_13.png","e":0},{"id":"image_14","w":90,"h":35,"u":"images/","p":"img_14.png","e":0},{"id":"image_15","w":90,"h":35,"u":"images/","p":"img_15.png","e":0},{"id":"image_16","w":163,"h":35,"u":"images/","p":"img_16.png","e":0},{"id":"image_17","w":163,"h":35,"u":"images/","p":"img_17.png","e":0},{"id":"image_18","w":204,"h":71,"u":"images/","p":"img_18.png","e":0},{"id":"image_19","w":204,"h":71,"u":"images/","p":"img_19.png","e":0},{"id":"image_20","w":237,"h":103,"u":"images/","p":"img_20.png","e":0},{"id":"image_21","w":235,"h":101,"u":"images/","p":"img_21.png","e":0},{"id":"image_22","w":151,"h":69,"u":"images/","p":"img_22.png","e":0},{"id":"image_23","w":151,"h":69,"u":"images/","p":"img_23.png","e":0},{"id":"image_24","w":237,"h":103,"u":"images/","p":"img_24.png","e":0},{"id":"image_25","w":235,"h":101,"u":"images/","p":"img_25.png","e":0},{"id":"image_26","w":200,"h":48,"u":"images/","p":"img_26.png","e":0},{"id":"image_27","w":200,"h":48,"u":"images/","p":"img_27.png","e":0},{"id":"image_28","w":240,"h":81,"u":"images/","p":"img_28.png","e":0},{"id":"image_29","w":235,"h":76,"u":"images/","p":"img_29.png","e":0},{"id":"image_30","w":204,"h":45,"u":"images/","p":"img_30.png","e":0},{"id":"image_31","w":204,"h":45,"u":"images/","p":"img_31.png","e":0},{"id":"image_32","w":240,"h":81,"u":"images/","p":"img_32.png","e":0},{"id":"image_33","w":235,"h":76,"u":"images/","p":"img_33.png","e":0},{"id":"image_34","w":204,"h":71,"u":"images/","p":"img_34.png","e":0},{"id":"image_35","w":204,"h":71,"u":"images/","p":"img_35.png","e":0},{"id":"image_36","w":240,"h":106,"u":"images/","p":"img_36.png","e":0},{"id":"image_37","w":235,"h":101,"u":"images/","p":"img_37.png","e":0},{"id":"image_38","w":125,"h":43,"u":"images/","p":"img_38.png","e":0},{"id":"image_39","w":125,"h":43,"u":"images/","p":"img_39.png","e":0},{"id":"image_40","w":240,"h":81,"u":"images/","p":"img_40.png","e":0},{"id":"image_41","w":235,"h":76,"u":"images/","p":"img_41.png","e":0},{"id":"image_42","w":18,"h":18,"u":"images/","p":"img_42.png","e":0},{"id":"image_43","w":44,"h":55,"u":"images/","p":"img_43.png","e":0},{"id":"image_44","w":290,"h":370,"u":"images/","p":"img_44.png","e":0},{"id":"image_45","w":275,"h":356,"u":"images/","p":"img_45.png","e":0},{"id":"image_46","w":275,"h":356,"u":"images/","p":"img_46.png","e":0},{"id":"image_47","w":275,"h":356,"u":"images/","p":"img_47.png","e":0},{"id":"image_48","w":930,"h":600,"u":"images/","p":"img_48.png","e":0},{"id":"comp_0","layers":[{"ddd":0,"ind":1,"ty":4,"nm":"Shape Layer 1","sr":1,"ks":{"o":{"a":0,"k":100,"ix":11},"r":{"a":0,"k":0,"ix":10},"p":{"a":0,"k":[465,355,0],"ix":2},"a":{"a":0,"k":[0,0,0],"ix":1},"s":{"a":0,"k":[100,100,100],"ix":6}},"ao":0,"shapes":[{"ty":"gr","it":[{"ty":"rc","d":1,"s":{"a":0,"k":[931.953,125.262],"ix":2},"p":{"a":0,"k":[0,0],"ix":3},"r":{"a":0,"k":20,"ix":4},"nm":"Rectangle Path 1","mn":"ADBE Vector Shape - Rect","hd":false},{"ty":"gf","o":{"a":0,"k":100,"ix":10},"r":1,"bm":0,"g":{"p":3,"k":{"a":0,"k":[0,1,1,1,0.5,1,1,1,1,1,1,1,0,1,0.5,0.5,1,0],"ix":9}},"s":{"a":0,"k":[0.445,10.777],"ix":5},"e":{"a":0,"k":[0.078,-62.18],"ix":6},"t":1,"nm":"Gradient Fill 1","mn":"ADBE Vector Graphic - G-Fill","hd":false},{"ty":"tr","p":{"a":0,"k":[-0.023,235.631],"ix":2},"a":{"a":0,"k":[0,0],"ix":1},"s":{"a":0,"k":[100,100],"ix":3},"r":{"a":0,"k":0,"ix":6},"o":{"a":0,"k":100,"ix":7},"sk":{"a":0,"k":0,"ix":4},"sa":{"a":0,"k":0,"ix":5},"nm":"Transform"}],"nm":"Rectangle 1","np":3,"cix":2,"bm":0,"ix":1,"mn":"ADBE Vector Group","hd":false}],"ip":0,"op":432,"st":0,"bm":0},{"ddd":0,"ind":2,"ty":2,"nm":"pagetitlewire/wireframefixfinal.ai","cl":"ai","refId":"image_1","sr":1,"ks":{"o":{"a":1,"k":[{"i":{"x":[0.833],"y":[0.833]},"o":{"x":[0.167],"y":[0.167]},"t":0,"s":[0]},{"t":23,"s":[100]}],"ix":11},"r":{"a":0,"k":0,"ix":10},"p":{"a":0,"k":[155,150,0],"ix":2},"a":{"a":0,"k":[127.5,23.5,0],"ix":1},"s":{"a":1,"k":[{"i":{"x":[0.691,0.691,0.667],"y":[1.305,1.305,1]},"o":{"x":[1,1,0.333],"y":[-0.641,-0.641,0]},"t":33,"s":[100,100,100]},{"t":42,"s":[0,0,100]}],"ix":6}},"ao":0,"ip":0,"op":432,"st":0,"bm":0},{"ddd":0,"ind":3,"ty":2,"nm":"page-title/hifi.ai","cl":"ai","refId":"image_2","sr":1,"ks":{"o":{"a":1,"k":[{"i":{"x":[0.833],"y":[0.833]},"o":{"x":[0.167],"y":[0.167]},"t":407,"s":[100]},{"t":427,"s":[0]}],"ix":11},"r":{"a":0,"k":0,"ix":10},"p":{"a":0,"k":[155,150,0],"ix":2},"a":{"a":0,"k":[126,22,0],"ix":1},"s":{"a":1,"k":[{"i":{"x":[0.667,0.667,0.667],"y":[1,1,1]},"o":{"x":[0.294,0.294,0.333],"y":[-25.153,-25.153,0]},"t":43,"s":[100,100,100]},{"t":49,"s":[100,100,100]}],"ix":6}},"ao":0,"ip":43,"op":432,"st":33,"bm":0},{"ddd":0,"ind":4,"ty":2,"nm":"userswireframe/userslayersplit.ai","cl":"ai","refId":"image_3","sr":1,"ks":{"o":{"a":1,"k":[{"i":{"x":[0.833],"y":[0.833]},"o":{"x":[0.167],"y":[0.167]},"t":0,"s":[0]},{"t":23,"s":[100]}],"ix":11},"r":{"a":0,"k":0,"ix":10},"p":{"a":0,"k":[378,150.5,0],"ix":2},"a":{"a":0,"k":[71.5,24,0],"ix":1},"s":{"a":1,"k":[{"i":{"x":[0.691,0.691,0.667],"y":[1.203,1.203,1]},"o":{"x":[1,1,0.333],"y":[-0.427,-0.427,0]},"t":58,"s":[100,100,100]},{"t":64,"s":[0,0,100]}],"ix":6}},"ao":0,"ip":0,"op":432,"st":33,"bm":0},{"ddd":0,"ind":6,"ty":2,"nm":"usershifi/userslayersplit.ai","cl":"ai","refId":"image_4","sr":1,"ks":{"o":{"a":1,"k":[{"i":{"x":[0.833],"y":[0.833]},"o":{"x":[0.167],"y":[0.167]},"t":407,"s":[100]},{"t":427,"s":[0]}],"ix":11},"r":{"a":0,"k":0,"ix":10},"p":{"a":0,"k":[376.5,149.5,0],"ix":2},"a":{"a":0,"k":[71,23.5,0],"ix":1},"s":{"a":1,"k":[{"i":{"x":[0.667,0.667,0.667],"y":[1,1,1]},"o":{"x":[0.294,0.294,0.333],"y":[-29.345,-29.345,0]},"t":65,"s":[100,100,100]},{"t":72,"s":[100,100,100]}],"ix":6}},"ao":0,"ip":65,"op":432,"st":33,"bm":0},{"ddd":0,"ind":7,"ty":2,"nm":"controlswire/wireframefixfinal.ai","cl":"ai","refId":"image_5","sr":1,"ks":{"o":{"a":1,"k":[{"i":{"x":[0.833],"y":[0.833]},"o":{"x":[0.167],"y":[0.167]},"t":0,"s":[0]},{"t":23,"s":[100]}],"ix":11},"r":{"a":0,"k":0,"ix":10},"p":{"a":0,"k":[625,150,0],"ix":2},"a":{"a":0,"k":[89,25,0],"ix":1},"s":{"a":1,"k":[{"i":{"x":[0.691,0.691,0.667],"y":[1.305,1.305,1]},"o":{"x":[1,1,0.333],"y":[-0.641,-0.641,0]},"t":72,"s":[100,100,100]},{"t":81,"s":[0,0,100]}],"ix":6}},"ao":0,"ip":0,"op":432,"st":0,"bm":0},{"ddd":0,"ind":8,"ty":2,"nm":"controls/denali-homepage-hero-wireframe.ai","cl":"ai","refId":"image_6","sr":1,"ks":{"o":{"a":1,"k":[{"i":{"x":[0.833],"y":[0.833]},"o":{"x":[0.167],"y":[0.167]},"t":0,"s":[0]},{"t":23,"s":[100]}],"ix":11},"r":{"a":0,"k":0,"ix":10},"p":{"a":0,"k":[625,150,0],"ix":2},"a":{"a":0,"k":[89,25,0],"ix":1},"s":{"a":1,"k":[{"i":{"x":[0.691,0.691,0.667],"y":[1.305,1.305,1]},"o":{"x":[1,1,0.333],"y":[-0.641,-0.641,0]},"t":72,"s":[100,100,100]},{"t":81,"s":[0,0,100]}],"ix":6}},"ao":0,"ip":0,"op":155,"st":33,"bm":0},{"ddd":0,"ind":9,"ty":2,"nm":"controls/hifi.ai","cl":"ai","refId":"image_7","sr":1,"ks":{"o":{"a":1,"k":[{"i":{"x":[0.833],"y":[0.833]},"o":{"x":[0.167],"y":[0.167]},"t":407,"s":[100]},{"t":427,"s":[0]}],"ix":11},"r":{"a":0,"k":0,"ix":10},"p":{"a":0,"k":[625,150,0],"ix":2},"a":{"a":0,"k":[86,22,0],"ix":1},"s":{"a":1,"k":[{"i":{"x":[0.667,0.667,0.667],"y":[1,1,1]},"o":{"x":[0.294,0.294,0.333],"y":[-54.497,-54.497,0]},"t":81,"s":[100,100,100]},{"t":94,"s":[100,100,100]}],"ix":6}},"ao":0,"ip":81,"op":432,"st":79,"bm":0},{"ddd":0,"ind":10,"ty":2,"nm":"illustrationwire/wireframefixfinal.ai","cl":"ai","refId":"image_8","sr":1,"ks":{"o":{"a":1,"k":[{"i":{"x":[0.833],"y":[0.833]},"o":{"x":[0.167],"y":[0.167]},"t":0,"s":[0]},{"t":23,"s":[100]}],"ix":11},"r":{"a":0,"k":0,"ix":10},"p":{"a":0,"k":[841,150,0],"ix":2},"a":{"a":0,"k":[89,60.5,0],"ix":1},"s":{"a":1,"k":[{"i":{"x":[0.691,0.691,0.667],"y":[1.305,1.305,1]},"o":{"x":[1,1,0.333],"y":[-0.641,-0.641,0]},"t":94,"s":[100,100,100]},{"t":103,"s":[0,0,100]}],"ix":6}},"ao":0,"ip":0,"op":432,"st":0,"bm":0},{"ddd":0,"ind":11,"ty":2,"nm":"illustrations/hifi.ai","cl":"ai","refId":"image_9","sr":1,"ks":{"o":{"a":1,"k":[{"i":{"x":[0.833],"y":[0.833]},"o":{"x":[0.167],"y":[0.167]},"t":407,"s":[100]},{"t":427,"s":[0]}],"ix":11},"r":{"a":0,"k":0,"ix":10},"p":{"a":0,"k":[840,150,0],"ix":2},"a":{"a":0,"k":[89.5,60.5,0],"ix":1},"s":{"a":1,"k":[{"i":{"x":[0.667,0.667,0.667],"y":[1,1,1]},"o":{"x":[0.294,0.294,0.333],"y":[-54.497,-54.497,0]},"t":103,"s":[100,100,100]},{"t":116,"s":[100,100,100]}],"ix":6}},"ao":0,"ip":103,"op":432,"st":102,"bm":0},{"ddd":0,"ind":12,"ty":4,"nm":"nav-mask","td":1,"sr":1,"ks":{"o":{"a":1,"k":[{"i":{"x":[0.833],"y":[0.833]},"o":{"x":[0.167],"y":[0.167]},"t":0,"s":[0]},{"t":5,"s":[100]}],"ix":11},"r":{"a":0,"k":0,"ix":10},"p":{"a":0,"k":[465,345,0],"ix":2},"a":{"a":0,"k":[0,0,0],"ix":1},"s":{"a":0,"k":[100,100,100],"ix":6}},"ao":0,"shapes":[{"ty":"gr","it":[{"ty":"rc","d":1,"s":{"a":0,"k":[889.668,63.086],"ix":2},"p":{"a":0,"k":[0,0],"ix":3},"r":{"a":0,"k":0,"ix":4},"nm":"Rectangle Path 1","mn":"ADBE Vector Shape - Rect","hd":false},{"ty":"st","c":{"a":0,"k":[0.949020026712,0.949020026712,0.949020026712,1],"ix":3},"o":{"a":0,"k":100,"ix":4},"w":{"a":0,"k":0,"ix":5},"lc":1,"lj":1,"ml":4,"bm":0,"nm":"Stroke 1","mn":"ADBE Vector Graphic - Stroke","hd":false},{"ty":"fl","c":{"a":0,"k":[1,1,1,1],"ix":4},"o":{"a":0,"k":100,"ix":5},"r":1,"bm":0,"nm":"Fill 1","mn":"ADBE Vector Graphic - Fill","hd":false},{"ty":"tr","p":{"a":0,"k":[2.834,-126.457],"ix":2},"a":{"a":0,"k":[0,0],"ix":1},"s":{"a":0,"k":[100,96.162],"ix":3},"r":{"a":0,"k":0,"ix":6},"o":{"a":0,"k":100,"ix":7},"sk":{"a":0,"k":0,"ix":4},"sa":{"a":0,"k":0,"ix":5},"nm":"Transform"}],"nm":"Rectangle 1","np":3,"cix":2,"bm":0,"ix":1,"mn":"ADBE Vector Group","hd":false}],"ip":0,"op":216,"st":-11,"bm":0},{"ddd":0,"ind":13,"ty":2,"nm":"navwire/wireframefixfinal.ai","cl":"ai","tt":1,"refId":"image_10","sr":1,"ks":{"o":{"a":1,"k":[{"i":{"x":[0.833],"y":[0.833]},"o":{"x":[0.167],"y":[0.167]},"t":0,"s":[0]},{"t":23,"s":[100]}],"ix":11},"r":{"a":0,"k":0,"ix":10},"p":{"s":true,"x":{"a":1,"k":[{"i":{"x":[0.92],"y":[1]},"o":{"x":[0.08],"y":[0]},"t":122,"s":[465]},{"t":125,"s":[465]}],"ix":3},"y":{"a":1,"k":[{"i":{"x":[0.968],"y":[0.672]},"o":{"x":[0.78],"y":[-0.867]},"t":122,"s":[222]},{"t":139,"s":[266.24]}],"ix":4}},"a":{"a":0,"k":[436,15.5,0],"ix":1},"s":{"a":0,"k":[100,100,100],"ix":6}},"ao":0,"ip":0,"op":432,"st":0,"bm":0},{"ddd":0,"ind":14,"ty":4,"nm":"nav-mask 2","td":1,"sr":1,"ks":{"o":{"a":0,"k":100,"ix":11},"r":{"a":0,"k":0,"ix":10},"p":{"a":0,"k":[465,345,0],"ix":2},"a":{"a":0,"k":[0,0,0],"ix":1},"s":{"a":0,"k":[100,105.17,100],"ix":6}},"ao":0,"shapes":[{"ty":"gr","it":[{"ty":"rc","d":1,"s":{"a":0,"k":[889.668,63.086],"ix":2},"p":{"a":0,"k":[0,0],"ix":3},"r":{"a":0,"k":0,"ix":4},"nm":"Rectangle Path 1","mn":"ADBE Vector Shape - Rect","hd":false},{"ty":"st","c":{"a":0,"k":[0.949020026712,0.949020026712,0.949020026712,1],"ix":3},"o":{"a":0,"k":100,"ix":4},"w":{"a":0,"k":0,"ix":5},"lc":1,"lj":1,"ml":4,"bm":0,"nm":"Stroke 1","mn":"ADBE Vector Graphic - Stroke","hd":false},{"ty":"fl","c":{"a":0,"k":[1,1,1,1],"ix":4},"o":{"a":0,"k":100,"ix":5},"r":1,"bm":0,"nm":"Fill 1","mn":"ADBE Vector Graphic - Fill","hd":false},{"ty":"tr","p":{"a":0,"k":[2.834,-126.457],"ix":2},"a":{"a":0,"k":[0,0],"ix":1},"s":{"a":0,"k":[100,96.162],"ix":3},"r":{"a":0,"k":0,"ix":6},"o":{"a":0,"k":100,"ix":7},"sk":{"a":0,"k":0,"ix":4},"sa":{"a":0,"k":0,"ix":5},"nm":"Transform"}],"nm":"Rectangle 1","np":3,"cix":2,"bm":0,"ix":1,"mn":"ADBE Vector Group","hd":false}],"ip":143,"op":432,"st":138,"bm":0},{"ddd":0,"ind":15,"ty":2,"nm":"navbar/hifi.ai","cl":"ai","tt":1,"refId":"image_11","sr":1,"ks":{"o":{"a":1,"k":[{"i":{"x":[0.833],"y":[0.833]},"o":{"x":[0.167],"y":[0.167]},"t":407,"s":[100]},{"t":427,"s":[0]}],"ix":11},"r":{"a":0,"k":0,"ix":10},"p":{"s":true,"x":{"a":1,"k":[{"i":{"x":[0.966],"y":[1]},"o":{"x":[0.034],"y":[0]},"t":143,"s":[465]},{"t":150,"s":[465]}],"ix":3},"y":{"a":1,"k":[{"i":{"x":[0],"y":[1.465]},"o":{"x":[0.029],"y":[0.425]},"t":143,"s":[263]},{"t":156,"s":[223.277]}],"ix":4}},"a":{"a":0,"k":[436,15.5,0],"ix":1},"s":{"a":0,"k":[100,100,100],"ix":6}},"ao":0,"ip":143,"op":432,"st":138,"bm":0},{"ddd":0,"ind":16,"ty":2,"nm":"box-title 1/hifi.ai","cl":"ai","refId":"image_12","sr":1,"ks":{"o":{"a":1,"k":[{"i":{"x":[0.833],"y":[0.833]},"o":{"x":[0.167],"y":[0.167]},"t":407,"s":[100]},{"t":427,"s":[0]}],"ix":11},"r":{"a":0,"k":0,"ix":10},"p":{"a":0,"k":[115,306,0],"ix":2},"a":{"a":0,"k":[67,17.5,0],"ix":1},"s":{"a":1,"k":[{"i":{"x":[0.667,0.667,0.667],"y":[1,1,1]},"o":{"x":[0.294,0.294,0.333],"y":[-54.497,-54.497,0]},"t":162,"s":[100,100,100]},{"t":175,"s":[100,100,100]}],"ix":6}},"ao":0,"ip":164,"op":432,"st":81,"bm":0},{"ddd":0,"ind":17,"ty":2,"nm":"box title 1/wireframecomponents.ai","cl":"ai","refId":"image_13","sr":1,"ks":{"o":{"a":1,"k":[{"i":{"x":[0.833],"y":[0.833]},"o":{"x":[0.167],"y":[0.167]},"t":0,"s":[0]},{"t":23,"s":[100]}],"ix":11},"r":{"a":0,"k":0,"ix":10},"p":{"a":0,"k":[115,306,0],"ix":2},"a":{"a":0,"k":[67,17.5,0],"ix":1},"s":{"a":1,"k":[{"i":{"x":[0.691,0.691,0.667],"y":[1.305,1.305,1]},"o":{"x":[1,1,0.333],"y":[-0.641,-0.641,0]},"t":155,"s":[100,100,100]},{"t":164,"s":[0,0,100]}],"ix":6}},"ao":0,"ip":0,"op":239,"st":81,"bm":0},{"ddd":0,"ind":18,"ty":2,"nm":"box-title 2/hifi.ai","cl":"ai","refId":"image_14","sr":1,"ks":{"o":{"a":1,"k":[{"i":{"x":[0.833],"y":[0.833]},"o":{"x":[0.167],"y":[0.167]},"t":407,"s":[100]},{"t":427,"s":[0]}],"ix":11},"r":{"a":0,"k":0,"ix":10},"p":{"a":0,"k":[391,306,0],"ix":2},"a":{"a":0,"k":[45,17.5,0],"ix":1},"s":{"a":1,"k":[{"i":{"x":[0.667,0.667,0.667],"y":[1,1,1]},"o":{"x":[0.294,0.294,0.333],"y":[-54.497,-54.497,0]},"t":164,"s":[100,100,100]},{"t":177,"s":[100,100,100]}],"ix":6}},"ao":0,"ip":164,"op":432,"st":81,"bm":0},{"ddd":0,"ind":19,"ty":2,"nm":"box title 2/wireframecomponents.ai","cl":"ai","refId":"image_15","sr":1,"ks":{"o":{"a":1,"k":[{"i":{"x":[0.833],"y":[0.833]},"o":{"x":[0.167],"y":[0.167]},"t":0,"s":[0]},{"t":23,"s":[100]}],"ix":11},"r":{"a":0,"k":0,"ix":10},"p":{"a":0,"k":[391,306,0],"ix":2},"a":{"a":0,"k":[45,17.5,0],"ix":1},"s":{"a":1,"k":[{"i":{"x":[0.691,0.691,0.667],"y":[1.305,1.305,1]},"o":{"x":[1,1,0.333],"y":[-0.641,-0.641,0]},"t":155,"s":[100,100,100]},{"t":164,"s":[0,0,100]}],"ix":6}},"ao":0,"ip":0,"op":239,"st":-1992,"bm":0},{"ddd":0,"ind":20,"ty":2,"nm":"box-title 3/hifi.ai","cl":"ai","refId":"image_16","sr":1,"ks":{"o":{"a":1,"k":[{"i":{"x":[0.833],"y":[0.833]},"o":{"x":[0.167],"y":[0.167]},"t":407,"s":[100]},{"t":427,"s":[0]}],"ix":11},"r":{"a":0,"k":0,"ix":10},"p":{"a":0,"k":[727,306,0],"ix":2},"a":{"a":0,"k":[81.5,17.5,0],"ix":1},"s":{"a":1,"k":[{"i":{"x":[0.667,0.667,0.667],"y":[1,1,1]},"o":{"x":[0.294,0.294,0.333],"y":[-54.497,-54.497,0]},"t":164,"s":[100,100,100]},{"t":177,"s":[100,100,100]}],"ix":6}},"ao":0,"ip":164,"op":432,"st":81,"bm":0},{"ddd":0,"ind":21,"ty":2,"nm":"box title 3/wireframecomponents.ai","cl":"ai","refId":"image_17","sr":1,"ks":{"o":{"a":1,"k":[{"i":{"x":[0.833],"y":[0.833]},"o":{"x":[0.167],"y":[0.167]},"t":0,"s":[0]},{"t":23,"s":[100]}],"ix":11},"r":{"a":0,"k":0,"ix":10},"p":{"a":0,"k":[727,306,0],"ix":2},"a":{"a":0,"k":[81.5,17.5,0],"ix":1},"s":{"a":1,"k":[{"i":{"x":[0.691,0.691,0.667],"y":[1.305,1.305,1]},"o":{"x":[1,1,0.333],"y":[-0.641,-0.641,0]},"t":155,"s":[100,100,100]},{"t":164,"s":[0,0,100]}],"ix":6}},"ao":0,"ip":0,"op":239,"st":81,"bm":0},{"ddd":0,"ind":22,"ty":2,"nm":"text 1/denali-homepage-hero-wireframe.ai","cl":"ai","refId":"image_18","sr":1,"ks":{"o":{"a":1,"k":[{"i":{"x":[0.833],"y":[0.833]},"o":{"x":[0.167],"y":[0.167]},"t":0,"s":[0]},{"t":23,"s":[100]}],"ix":11},"r":{"a":0,"k":0,"ix":10},"p":{"a":0,"k":[165,392,0],"ix":2},"a":{"a":0,"k":[102,35.5,0],"ix":1},"s":{"a":1,"k":[{"i":{"x":[0.691,0.691,0.667],"y":[1.237,1.237,1]},"o":{"x":[1,1,0.333],"y":[-0.499,-0.499,0]},"t":188,"s":[100,100,100]},{"t":195,"s":[0,0,100]}],"ix":6}},"ao":0,"ip":0,"op":432,"st":23,"bm":0},{"ddd":0,"ind":23,"ty":2,"nm":"text 1/hifi.ai","cl":"ai","refId":"image_19","sr":1,"ks":{"o":{"a":1,"k":[{"i":{"x":[0.833],"y":[0.833]},"o":{"x":[0.167],"y":[0.167]},"t":407,"s":[100]},{"t":427,"s":[0]}],"ix":11},"r":{"a":0,"k":0,"ix":10},"p":{"a":0,"k":[165,392,0],"ix":2},"a":{"a":0,"k":[102,35.5,0],"ix":1},"s":{"a":1,"k":[{"i":{"x":[0.235,0.235,0.833],"y":[1.562,1.562,1]},"o":{"x":[0.336,0.336,0.167],"y":[0.448,0.448,0]},"t":198,"s":[0,0,100]},{"t":205,"s":[100,100,100]}],"ix":6}},"ao":0,"ip":194,"op":432,"st":-13,"bm":0},{"ddd":0,"ind":24,"ty":2,"nm":"card 1/wireframe.ai","cl":"ai","refId":"image_20","sr":1,"ks":{"o":{"a":1,"k":[{"i":{"x":[0.833],"y":[0.833]},"o":{"x":[0.167],"y":[0.167]},"t":0,"s":[0]},{"i":{"x":[0.833],"y":[0.833]},"o":{"x":[0.167],"y":[0.167]},"t":23,"s":[100]},{"i":{"x":[0.833],"y":[0.833]},"o":{"x":[0.167],"y":[0.167]},"t":189,"s":[100]},{"t":191,"s":[0]}],"ix":11},"r":{"a":0,"k":0,"ix":10},"p":{"a":0,"k":[165,392,0],"ix":2},"a":{"a":0,"k":[118.5,51.5,0],"ix":1},"s":{"a":1,"k":[{"i":{"x":[0.691,0.691,0.667],"y":[1.237,1.237,1]},"o":{"x":[1,1,0.333],"y":[-0.499,-0.499,0]},"t":189,"s":[100,100,100]},{"t":196,"s":[0,0,100]}],"ix":6}},"ao":0,"ip":0,"op":432,"st":-13,"bm":0},{"ddd":0,"ind":25,"ty":2,"nm":"card 1/hifi.ai","cl":"ai","refId":"image_21","sr":1,"ks":{"o":{"a":1,"k":[{"i":{"x":[0.833],"y":[0.833]},"o":{"x":[0.167],"y":[0.167]},"t":407,"s":[100]},{"t":427,"s":[0]}],"ix":11},"r":{"a":0,"k":0,"ix":10},"p":{"a":0,"k":[165,392,0],"ix":2},"a":{"a":0,"k":[117.5,50.5,0],"ix":1},"s":{"a":1,"k":[{"i":{"x":[0.235,0.235,0.833],"y":[1.562,1.562,1]},"o":{"x":[0.336,0.336,0.167],"y":[0.448,0.448,0]},"t":198,"s":[0,0,100]},{"t":205,"s":[100,100,100]}],"ix":6}},"ao":0,"ip":0,"op":432,"st":-13,"bm":0},{"ddd":0,"ind":26,"ty":2,"nm":"text 2/denali-homepage-hero-wireframe.ai","cl":"ai","refId":"image_22","sr":1,"ks":{"o":{"a":1,"k":[{"i":{"x":[0.833],"y":[0.833]},"o":{"x":[0.167],"y":[0.167]},"t":0,"s":[0]},{"t":23,"s":[100]}],"ix":11},"r":{"a":0,"k":0,"ix":10},"p":{"a":0,"k":[139,512,0],"ix":2},"a":{"a":0,"k":[75.5,34.5,0],"ix":1},"s":{"a":1,"k":[{"i":{"x":[0.691,0.691,0.667],"y":[1.237,1.237,1]},"o":{"x":[1,1,0.333],"y":[-0.499,-0.499,0]},"t":188,"s":[100,100,100]},{"t":195,"s":[0,0,100]}],"ix":6}},"ao":0,"ip":0,"op":432,"st":-31,"bm":0},{"ddd":0,"ind":27,"ty":2,"nm":"text 2/hifi.ai","cl":"ai","refId":"image_23","sr":1,"ks":{"o":{"a":1,"k":[{"i":{"x":[0.833],"y":[0.833]},"o":{"x":[0.167],"y":[0.167]},"t":407,"s":[100]},{"t":427,"s":[0]}],"ix":11},"r":{"a":0,"k":0,"ix":10},"p":{"a":0,"k":[138.5,512,0],"ix":2},"a":{"a":0,"k":[75.5,34.5,0],"ix":1},"s":{"a":1,"k":[{"i":{"x":[0.235,0.235,0.833],"y":[1.562,1.562,1]},"o":{"x":[0.336,0.336,0.167],"y":[0.448,0.448,0]},"t":198,"s":[0,0,100]},{"t":205,"s":[100,100,100]}],"ix":6}},"ao":0,"ip":194,"op":432,"st":-13,"bm":0},{"ddd":0,"ind":28,"ty":2,"nm":"card 2/cardsandusersupdateswireframe.ai","cl":"ai","refId":"image_24","sr":1,"ks":{"o":{"a":1,"k":[{"i":{"x":[0.833],"y":[0.833]},"o":{"x":[0.167],"y":[0.167]},"t":0,"s":[0]},{"i":{"x":[0.833],"y":[0.833]},"o":{"x":[0.167],"y":[0.167]},"t":23,"s":[100]},{"i":{"x":[0.833],"y":[0.833]},"o":{"x":[0.167],"y":[0.167]},"t":189,"s":[100]},{"t":191,"s":[0]}],"ix":11},"r":{"a":0,"k":0,"ix":10},"p":{"a":0,"k":[166,511,0],"ix":2},"a":{"a":0,"k":[118.5,51.5,0],"ix":1},"s":{"a":1,"k":[{"i":{"x":[0.691,0.691,0.667],"y":[1.237,1.237,1]},"o":{"x":[1,1,0.333],"y":[-0.499,-0.499,0]},"t":189,"s":[100,100,100]},{"t":196,"s":[0,0,100]}],"ix":6}},"ao":0,"ip":0,"op":432,"st":-13,"bm":0},{"ddd":0,"ind":29,"ty":2,"nm":"card 2/hifi.ai","cl":"ai","refId":"image_25","sr":1,"ks":{"o":{"a":1,"k":[{"i":{"x":[0.833],"y":[0.833]},"o":{"x":[0.167],"y":[0.167]},"t":0,"s":[0]},{"i":{"x":[0.833],"y":[0.833]},"o":{"x":[0.167],"y":[0.167]},"t":5,"s":[100]},{"i":{"x":[0.833],"y":[0.833]},"o":{"x":[0.167],"y":[0.167]},"t":407,"s":[100]},{"t":427,"s":[0]}],"ix":11},"r":{"a":0,"k":0,"ix":10},"p":{"a":0,"k":[165,512,0],"ix":2},"a":{"a":0,"k":[117.5,50.5,0],"ix":1},"s":{"a":1,"k":[{"i":{"x":[0.235,0.235,0.833],"y":[1.562,1.562,1]},"o":{"x":[0.336,0.336,0.167],"y":[0.448,0.448,0]},"t":198,"s":[0,0,100]},{"t":205,"s":[100,100,100]}],"ix":6}},"ao":0,"ip":0,"op":432,"st":-13,"bm":0},{"ddd":0,"ind":30,"ty":2,"nm":"text 3/denali-homepage-hero-wireframe.ai","cl":"ai","refId":"image_26","sr":1,"ks":{"o":{"a":1,"k":[{"i":{"x":[0.833],"y":[0.833]},"o":{"x":[0.167],"y":[0.167]},"t":0,"s":[0]},{"t":23,"s":[100]}],"ix":11},"r":{"a":0,"k":0,"ix":10},"p":{"a":0,"k":[463,382,0],"ix":2},"a":{"a":0,"k":[100,24,0],"ix":1},"s":{"a":1,"k":[{"i":{"x":[0.691,0.691,0.667],"y":[1.237,1.237,1]},"o":{"x":[1,1,0.333],"y":[-0.499,-0.499,0]},"t":188,"s":[100,100,100]},{"t":195,"s":[0,0,100]}],"ix":6}},"ao":0,"ip":0,"op":432,"st":-37,"bm":0},{"ddd":0,"ind":31,"ty":2,"nm":"text 3/hifi.ai","cl":"ai","refId":"image_27","sr":1,"ks":{"o":{"a":1,"k":[{"i":{"x":[0.833],"y":[0.833]},"o":{"x":[0.167],"y":[0.167]},"t":407,"s":[100]},{"t":427,"s":[0]}],"ix":11},"r":{"a":0,"k":0,"ix":10},"p":{"a":0,"k":[465,382,0],"ix":2},"a":{"a":0,"k":[100,24,0],"ix":1},"s":{"a":1,"k":[{"i":{"x":[0.235,0.235,0.833],"y":[1.562,1.562,1]},"o":{"x":[0.336,0.336,0.167],"y":[0.448,0.448,0]},"t":198,"s":[0,0,100]},{"t":205,"s":[100,100,100]}],"ix":6}},"ao":0,"ip":192,"op":432,"st":220,"bm":0},{"ddd":0,"ind":32,"ty":2,"nm":"card 3/cardsandusersupdateswireframe.ai","cl":"ai","refId":"image_28","sr":1,"ks":{"o":{"a":1,"k":[{"i":{"x":[0.833],"y":[0.833]},"o":{"x":[0.167],"y":[0.167]},"t":0,"s":[0]},{"i":{"x":[0.833],"y":[0.833]},"o":{"x":[0.167],"y":[0.167]},"t":23,"s":[100]},{"i":{"x":[0.833],"y":[0.833]},"o":{"x":[0.167],"y":[0.167]},"t":189,"s":[100]},{"t":191,"s":[0]}],"ix":11},"r":{"a":0,"k":0,"ix":10},"p":{"a":0,"k":[465,377.5,0],"ix":2},"a":{"a":0,"k":[120,40.5,0],"ix":1},"s":{"a":1,"k":[{"i":{"x":[0.691,0.691,0.667],"y":[1.237,1.237,1]},"o":{"x":[1,1,0.333],"y":[-0.499,-0.499,0]},"t":189,"s":[100,100,100]},{"t":196,"s":[0,0,100]}],"ix":6}},"ao":0,"ip":0,"op":432,"st":-13,"bm":0},{"ddd":0,"ind":33,"ty":2,"nm":"card 3/hifi.ai","cl":"ai","refId":"image_29","sr":1,"ks":{"o":{"a":1,"k":[{"i":{"x":[0.833],"y":[0.833]},"o":{"x":[0.167],"y":[0.167]},"t":0,"s":[0]},{"i":{"x":[0.833],"y":[0.833]},"o":{"x":[0.167],"y":[0.167]},"t":5,"s":[100]},{"i":{"x":[0.833],"y":[0.833]},"o":{"x":[0.167],"y":[0.167]},"t":407,"s":[100]},{"t":427,"s":[0]}],"ix":11},"r":{"a":0,"k":0,"ix":10},"p":{"a":0,"k":[465,380,0],"ix":2},"a":{"a":0,"k":[117.5,38,0],"ix":1},"s":{"a":1,"k":[{"i":{"x":[0.235,0.235,0.833],"y":[1.562,1.562,1]},"o":{"x":[0.336,0.336,0.167],"y":[0.448,0.448,0]},"t":198,"s":[0,0,100]},{"t":205,"s":[100,100,100]}],"ix":6}},"ao":0,"ip":0,"op":432,"st":-13,"bm":0},{"ddd":0,"ind":34,"ty":2,"nm":"text 4/denali-homepage-hero-wireframe.ai","cl":"ai","refId":"image_30","sr":1,"ks":{"o":{"a":1,"k":[{"i":{"x":[0.833],"y":[0.833]},"o":{"x":[0.167],"y":[0.167]},"t":0,"s":[0]},{"t":23,"s":[100]}],"ix":11},"r":{"a":0,"k":0,"ix":10},"p":{"a":0,"k":[465,474,0],"ix":2},"a":{"a":0,"k":[102,22.5,0],"ix":1},"s":{"a":1,"k":[{"i":{"x":[0.691,0.691,0.667],"y":[1.237,1.237,1]},"o":{"x":[1,1,0.333],"y":[-0.499,-0.499,0]},"t":188,"s":[100,100,100]},{"t":195,"s":[0,0,100]}],"ix":6}},"ao":0,"ip":0,"op":432,"st":-50,"bm":0},{"ddd":0,"ind":35,"ty":2,"nm":"text 4/hifi.ai","cl":"ai","refId":"image_31","sr":1,"ks":{"o":{"a":1,"k":[{"i":{"x":[0.833],"y":[0.833]},"o":{"x":[0.167],"y":[0.167]},"t":407,"s":[100]},{"t":427,"s":[0]}],"ix":11},"r":{"a":0,"k":0,"ix":10},"p":{"a":0,"k":[465,474,0],"ix":2},"a":{"a":0,"k":[102,22.5,0],"ix":1},"s":{"a":1,"k":[{"i":{"x":[0.235,0.235,0.833],"y":[1.562,1.562,1]},"o":{"x":[0.336,0.336,0.167],"y":[0.448,0.448,0]},"t":198,"s":[0,0,100]},{"t":205,"s":[100,100,100]}],"ix":6}},"ao":0,"ip":193,"op":432,"st":-13,"bm":0},{"ddd":0,"ind":36,"ty":2,"nm":"card 4/cardsandusersupdateswireframe.ai","cl":"ai","refId":"image_32","sr":1,"ks":{"o":{"a":1,"k":[{"i":{"x":[0.833],"y":[0.833]},"o":{"x":[0.167],"y":[0.167]},"t":0,"s":[0]},{"i":{"x":[0.833],"y":[0.833]},"o":{"x":[0.167],"y":[0.167]},"t":23,"s":[100]},{"i":{"x":[0.833],"y":[0.833]},"o":{"x":[0.167],"y":[0.167]},"t":189,"s":[100]},{"t":191,"s":[0]}],"ix":11},"r":{"a":0,"k":0,"ix":10},"p":{"a":0,"k":[465,473.5,0],"ix":2},"a":{"a":0,"k":[120,40.5,0],"ix":1},"s":{"a":1,"k":[{"i":{"x":[0.691,0.691,0.667],"y":[1.237,1.237,1]},"o":{"x":[1,1,0.333],"y":[-0.499,-0.499,0]},"t":189,"s":[100,100,100]},{"t":196,"s":[0,0,100]}],"ix":6}},"ao":0,"ip":0,"op":432,"st":-13,"bm":0},{"ddd":0,"ind":37,"ty":2,"nm":"card 4/hifi.ai","cl":"ai","refId":"image_33","sr":1,"ks":{"o":{"a":1,"k":[{"i":{"x":[0.833],"y":[0.833]},"o":{"x":[0.167],"y":[0.167]},"t":0,"s":[0]},{"i":{"x":[0.833],"y":[0.833]},"o":{"x":[0.167],"y":[0.167]},"t":5,"s":[100]},{"i":{"x":[0.833],"y":[0.833]},"o":{"x":[0.167],"y":[0.167]},"t":407,"s":[100]},{"t":427,"s":[0]}],"ix":11},"r":{"a":0,"k":0,"ix":10},"p":{"a":0,"k":[465,476,0],"ix":2},"a":{"a":0,"k":[117.5,38,0],"ix":1},"s":{"a":1,"k":[{"i":{"x":[0.235,0.235,0.833],"y":[1.562,1.562,1]},"o":{"x":[0.336,0.336,0.167],"y":[0.448,0.448,0]},"t":198,"s":[0,0,100]},{"t":205,"s":[100,100,100]}],"ix":6}},"ao":0,"ip":0,"op":432,"st":-13,"bm":0},{"ddd":0,"ind":38,"ty":2,"nm":"text 5/denali-homepage-hero-wireframe.ai","cl":"ai","refId":"image_34","sr":1,"ks":{"o":{"a":1,"k":[{"i":{"x":[0.833],"y":[0.833]},"o":{"x":[0.167],"y":[0.167]},"t":0,"s":[0]},{"t":23,"s":[100]}],"ix":11},"r":{"a":0,"k":0,"ix":10},"p":{"a":0,"k":[763,392,0],"ix":2},"a":{"a":0,"k":[102,35.5,0],"ix":1},"s":{"a":1,"k":[{"i":{"x":[0.691,0.691,0.667],"y":[1.203,1.203,1]},"o":{"x":[1,1,0.333],"y":[-0.427,-0.427,0]},"t":188,"s":[100,100,100]},{"t":194,"s":[0,0,100]}],"ix":6}},"ao":0,"ip":0,"op":432,"st":-57,"bm":0},{"ddd":0,"ind":39,"ty":2,"nm":"text 5/hifi.ai","cl":"ai","refId":"image_35","sr":1,"ks":{"o":{"a":1,"k":[{"i":{"x":[0.833],"y":[0.833]},"o":{"x":[0.167],"y":[0.167]},"t":407,"s":[100]},{"t":427,"s":[0]}],"ix":11},"r":{"a":0,"k":0,"ix":10},"p":{"a":0,"k":[763,392,0],"ix":2},"a":{"a":0,"k":[102,35.5,0],"ix":1},"s":{"a":1,"k":[{"i":{"x":[0.235,0.235,0.833],"y":[1.562,1.562,1]},"o":{"x":[0.336,0.336,0.167],"y":[0.448,0.448,0]},"t":198,"s":[0,0,100]},{"t":205,"s":[100,100,100]}],"ix":6}},"ao":0,"ip":192,"op":432,"st":-13,"bm":0},{"ddd":0,"ind":40,"ty":2,"nm":"card 5/cardsandusersupdateswireframe.ai","cl":"ai","refId":"image_36","sr":1,"ks":{"o":{"a":1,"k":[{"i":{"x":[0.833],"y":[0.833]},"o":{"x":[0.167],"y":[0.167]},"t":0,"s":[0]},{"i":{"x":[0.833],"y":[0.833]},"o":{"x":[0.167],"y":[0.167]},"t":23,"s":[100]},{"i":{"x":[0.833],"y":[0.833]},"o":{"x":[0.167],"y":[0.167]},"t":189,"s":[100]},{"t":191,"s":[0]}],"ix":11},"r":{"a":0,"k":0,"ix":10},"p":{"a":0,"k":[760.5,389.5,0],"ix":2},"a":{"a":0,"k":[120,53,0],"ix":1},"s":{"a":1,"k":[{"i":{"x":[0.691,0.691,0.667],"y":[1.237,1.237,1]},"o":{"x":[1,1,0.333],"y":[-0.499,-0.499,0]},"t":189,"s":[100,100,100]},{"t":196,"s":[0,0,100]}],"ix":6}},"ao":0,"ip":0,"op":432,"st":-13,"bm":0},{"ddd":0,"ind":41,"ty":2,"nm":"card 5/hifi.ai","cl":"ai","refId":"image_37","sr":1,"ks":{"o":{"a":1,"k":[{"i":{"x":[0.833],"y":[0.833]},"o":{"x":[0.167],"y":[0.167]},"t":0,"s":[0]},{"i":{"x":[0.833],"y":[0.833]},"o":{"x":[0.167],"y":[0.167]},"t":5,"s":[100]},{"i":{"x":[0.833],"y":[0.833]},"o":{"x":[0.167],"y":[0.167]},"t":407,"s":[100]},{"t":427,"s":[0]}],"ix":11},"r":{"a":0,"k":0,"ix":10},"p":{"a":0,"k":[763,392,0],"ix":2},"a":{"a":0,"k":[117.5,50.5,0],"ix":1},"s":{"a":1,"k":[{"i":{"x":[0.235,0.235,0.833],"y":[1.562,1.562,1]},"o":{"x":[0.336,0.336,0.167],"y":[0.448,0.448,0]},"t":198,"s":[0,0,100]},{"t":205,"s":[100,100,100]}],"ix":6}},"ao":0,"ip":0,"op":432,"st":-13,"bm":0},{"ddd":0,"ind":42,"ty":2,"nm":"text 6/denali-homepage-hero-wireframe.ai","cl":"ai","refId":"image_38","sr":1,"ks":{"o":{"a":1,"k":[{"i":{"x":[0.833],"y":[0.833]},"o":{"x":[0.167],"y":[0.167]},"t":0,"s":[0]},{"t":23,"s":[100]}],"ix":11},"r":{"a":0,"k":0,"ix":10},"p":{"a":0,"k":[723.5,500,0],"ix":2},"a":{"a":0,"k":[62.5,21.5,0],"ix":1},"s":{"a":1,"k":[{"i":{"x":[0.691,0.691,0.667],"y":[1.203,1.203,1]},"o":{"x":[1,1,0.333],"y":[-0.427,-0.427,0]},"t":188,"s":[100,100,100]},{"t":194,"s":[0,0,100]}],"ix":6}},"ao":0,"ip":0,"op":432,"st":-27,"bm":0},{"ddd":0,"ind":43,"ty":2,"nm":"text 6/hifi.ai","cl":"ai","refId":"image_39","sr":1,"ks":{"o":{"a":1,"k":[{"i":{"x":[0.833],"y":[0.833]},"o":{"x":[0.167],"y":[0.167]},"t":0,"s":[0]},{"i":{"x":[0.833],"y":[0.833]},"o":{"x":[0.167],"y":[0.167]},"t":5,"s":[100]},{"i":{"x":[0.833],"y":[0.833]},"o":{"x":[0.167],"y":[0.167]},"t":407,"s":[100]},{"t":427,"s":[0]}],"ix":11},"r":{"a":0,"k":0,"ix":10},"p":{"a":0,"k":[723,500,0],"ix":2},"a":{"a":0,"k":[62.5,21.5,0],"ix":1},"s":{"a":1,"k":[{"i":{"x":[0.235,0.235,0.833],"y":[1.562,1.562,1]},"o":{"x":[0.336,0.336,0.167],"y":[0.448,0.448,0]},"t":198,"s":[0,0,100]},{"t":205,"s":[100,100,100]}],"ix":6}},"ao":0,"ip":0,"op":432,"st":-13,"bm":0},{"ddd":0,"ind":44,"ty":2,"nm":"card 6/cardsandusersupdateswireframe.ai","cl":"ai","refId":"image_40","sr":1,"ks":{"o":{"a":1,"k":[{"i":{"x":[0.833],"y":[0.833]},"o":{"x":[0.167],"y":[0.167]},"t":0,"s":[0]},{"i":{"x":[0.833],"y":[0.833]},"o":{"x":[0.167],"y":[0.167]},"t":23,"s":[100]},{"i":{"x":[0.833],"y":[0.833]},"o":{"x":[0.167],"y":[0.167]},"t":189,"s":[100]},{"t":191,"s":[0]}],"ix":11},"r":{"a":0,"k":0,"ix":10},"p":{"a":0,"k":[760.5,497.5,0],"ix":2},"a":{"a":0,"k":[120,40.5,0],"ix":1},"s":{"a":1,"k":[{"i":{"x":[0.691,0.691,0.667],"y":[1.237,1.237,1]},"o":{"x":[1,1,0.333],"y":[-0.499,-0.499,0]},"t":189,"s":[100,100,100]},{"t":196,"s":[0,0,100]}],"ix":6}},"ao":0,"ip":0,"op":432,"st":-13,"bm":0},{"ddd":0,"ind":46,"ty":2,"nm":"card 6/hifi.ai","cl":"ai","refId":"image_41","sr":1,"ks":{"o":{"a":1,"k":[{"i":{"x":[0.833],"y":[0.833]},"o":{"x":[0.167],"y":[0.167]},"t":407,"s":[100]},{"t":427,"s":[0]}],"ix":11},"r":{"a":0,"k":0,"ix":10},"p":{"a":0,"k":[763,500,0],"ix":2},"a":{"a":0,"k":[117.5,38,0],"ix":1},"s":{"a":1,"k":[{"i":{"x":[0.235,0.235,0.833],"y":[1.562,1.562,1]},"o":{"x":[0.336,0.336,0.167],"y":[0.448,0.448,0]},"t":198,"s":[0,0,100]},{"t":205,"s":[100,100,100]}],"ix":6}},"ao":0,"ip":0,"op":432,"st":-13,"bm":0},{"ddd":0,"ind":47,"ty":2,"nm":"add1wireframe.ai","cl":"ai","refId":"image_42","sr":1,"ks":{"o":{"a":1,"k":[{"i":{"x":[0.833],"y":[0.833]},"o":{"x":[0.167],"y":[0.167]},"t":0,"s":[0]},{"t":23,"s":[100]}],"ix":11},"r":{"a":0,"k":0,"ix":10},"p":{"a":0,"k":[271,302,0],"ix":2},"a":{"a":0,"k":[9,9,0],"ix":1},"s":{"a":1,"k":[{"i":{"x":[0.691,0.691,0.667],"y":[1.203,1.203,1]},"o":{"x":[1,1,0.333],"y":[-0.427,-0.427,0]},"t":267,"s":[100,100,100]},{"t":273,"s":[0,0,100]}],"ix":6}},"ao":0,"ip":0,"op":432,"st":33,"bm":0},{"ddd":0,"ind":48,"ty":2,"nm":"add2wireframe.ai","cl":"ai","refId":"image_42","sr":1,"ks":{"o":{"a":1,"k":[{"i":{"x":[0.833],"y":[0.833]},"o":{"x":[0.167],"y":[0.167]},"t":0,"s":[0]},{"t":23,"s":[100]}],"ix":11},"r":{"a":0,"k":0,"ix":10},"p":{"a":0,"k":[569,302,0],"ix":2},"a":{"a":0,"k":[9,9,0],"ix":1},"s":{"a":1,"k":[{"i":{"x":[0.691,0.691,0.667],"y":[1.203,1.203,1]},"o":{"x":[1,1,0.333],"y":[-0.427,-0.427,0]},"t":267,"s":[100,100,100]},{"t":273,"s":[0,0,100]}],"ix":6}},"ao":0,"ip":0,"op":432,"st":33,"bm":0},{"ddd":0,"ind":49,"ty":2,"nm":"add3wireframe.ai","cl":"ai","refId":"image_42","sr":1,"ks":{"o":{"a":1,"k":[{"i":{"x":[0.833],"y":[0.833]},"o":{"x":[0.167],"y":[0.167]},"t":0,"s":[0]},{"t":23,"s":[100]}],"ix":11},"r":{"a":0,"k":0,"ix":10},"p":{"a":0,"k":[871,302,0],"ix":2},"a":{"a":0,"k":[9,9,0],"ix":1},"s":{"a":1,"k":[{"i":{"x":[0.691,0.691,0.667],"y":[1.203,1.203,1]},"o":{"x":[1,1,0.333],"y":[-0.427,-0.427,0]},"t":267,"s":[100,100,100]},{"t":273,"s":[0,0,100]}],"ix":6}},"ao":0,"ip":0,"op":432,"st":33,"bm":0},{"ddd":0,"ind":50,"ty":2,"nm":"add1hifi.ai","cl":"ai","refId":"image_43","sr":1,"ks":{"o":{"a":1,"k":[{"i":{"x":[0.833],"y":[0.833]},"o":{"x":[0.167],"y":[0.167]},"t":407,"s":[100]},{"t":427,"s":[0]}],"ix":11},"r":{"a":0,"k":0,"ix":10},"p":{"a":0,"k":[580.5,295.5,0],"ix":2},"a":{"a":0,"k":[22,27.5,0],"ix":1},"s":{"a":1,"k":[{"i":{"x":[0.235,0.235,0.833],"y":[1.562,1.562,1]},"o":{"x":[0.336,0.336,0.167],"y":[0.448,0.448,0]},"t":275,"s":[0,0,100]},{"t":282,"s":[100,100,100]}],"ix":6}},"ao":0,"ip":276,"op":432,"st":304,"bm":0},{"ddd":0,"ind":51,"ty":2,"nm":"add2hifi.ai","cl":"ai","refId":"image_43","sr":1,"ks":{"o":{"a":1,"k":[{"i":{"x":[0.833],"y":[0.833]},"o":{"x":[0.167],"y":[0.167]},"t":407,"s":[100]},{"t":427,"s":[0]}],"ix":11},"r":{"a":0,"k":0,"ix":10},"p":{"a":0,"k":[878.5,295.5,0],"ix":2},"a":{"a":0,"k":[22,27.5,0],"ix":1},"s":{"a":1,"k":[{"i":{"x":[0.235,0.235,0.833],"y":[1.562,1.562,1]},"o":{"x":[0.336,0.336,0.167],"y":[0.448,0.448,0]},"t":275,"s":[0,0,100]},{"t":282,"s":[100,100,100]}],"ix":6}},"ao":0,"ip":276,"op":432,"st":304,"bm":0},{"ddd":0,"ind":52,"ty":2,"nm":"add3hifiai","refId":"image_43","sr":1,"ks":{"o":{"a":1,"k":[{"i":{"x":[0.833],"y":[0.833]},"o":{"x":[0.167],"y":[0.167]},"t":407,"s":[100]},{"t":427,"s":[0]}],"ix":11},"r":{"a":0,"k":0,"ix":10},"p":{"a":0,"k":[280.5,295.5,0],"ix":2},"a":{"a":0,"k":[22,27.5,0],"ix":1},"s":{"a":1,"k":[{"i":{"x":[0.235,0.235,0.833],"y":[1.562,1.562,1]},"o":{"x":[0.336,0.336,0.167],"y":[0.448,0.448,0]},"t":275,"s":[0,0,100]},{"t":282,"s":[100,100,100]}],"ix":6}},"ao":0,"ip":276,"op":432,"st":304,"bm":0},{"ddd":0,"ind":53,"ty":4,"nm":"box mask wireframe","td":1,"sr":1,"ks":{"o":{"a":0,"k":100,"ix":11},"r":{"a":0,"k":0,"ix":10},"p":{"a":0,"k":[466,326,0],"ix":2},"a":{"a":0,"k":[0,0,0],"ix":1},"s":{"a":0,"k":[100.056,109.681,100],"ix":6}},"ao":0,"shapes":[{"ty":"gr","it":[{"ty":"rc","d":1,"s":{"a":0,"k":[899.684,397.766],"ix":2},"p":{"a":0,"k":[0,0],"ix":3},"r":{"a":0,"k":0,"ix":4},"nm":"Rectangle Path 1","mn":"ADBE Vector Shape - Rect","hd":false},{"ty":"st","c":{"a":0,"k":[0.949020026712,0.949020026712,0.949020026712,1],"ix":3},"o":{"a":0,"k":100,"ix":4},"w":{"a":0,"k":0,"ix":5},"lc":1,"lj":1,"ml":4,"bm":0,"nm":"Stroke 1","mn":"ADBE Vector Graphic - Stroke","hd":false},{"ty":"fl","c":{"a":0,"k":[1,1,1,1],"ix":4},"o":{"a":0,"k":100,"ix":5},"r":1,"bm":0,"nm":"Fill 1","mn":"ADBE Vector Graphic - Fill","hd":false},{"ty":"tr","p":{"a":0,"k":[-0.158,98.883],"ix":2},"a":{"a":0,"k":[0,0],"ix":1},"s":{"a":0,"k":[100,100],"ix":3},"r":{"a":0,"k":0,"ix":6},"o":{"a":0,"k":100,"ix":7},"sk":{"a":0,"k":0,"ix":4},"sa":{"a":0,"k":0,"ix":5},"nm":"Transform"}],"nm":"Rectangle 1","np":3,"cix":2,"bm":0,"ix":1,"mn":"ADBE Vector Group","hd":false}],"ip":0,"op":432,"st":-13,"bm":0},{"ddd":0,"ind":54,"ty":2,"nm":"boxwireframesfinal.ai","cl":"ai","tt":1,"refId":"image_44","sr":1,"ks":{"o":{"a":1,"k":[{"i":{"x":[0.833],"y":[0.833]},"o":{"x":[0.167],"y":[0.167]},"t":0,"s":[0]},{"t":23,"s":[100]}],"ix":11},"r":{"a":0,"k":0,"ix":10},"p":{"s":true,"x":{"a":1,"k":[{"i":{"x":[0.989],"y":[1]},"o":{"x":[0.011],"y":[0]},"t":209,"s":[165]},{"t":230,"s":[165]}],"ix":3},"y":{"a":1,"k":[{"i":{"x":[0.833],"y":[-0.737]},"o":{"x":[0.167],"y":[0]},"t":204,"s":[450]},{"i":{"x":[-0.041],"y":[0.845]},"o":{"x":[0.957],"y":[-0.101]},"t":215,"s":[446]},{"t":226,"s":[839.997]}],"ix":4}},"a":{"a":0,"k":[145,185,0],"ix":1},"s":{"a":0,"k":[100,100,100],"ix":6}},"ao":0,"ip":0,"op":432,"st":0,"bm":0},{"ddd":0,"ind":55,"ty":4,"nm":"box mask wireframe 2","td":1,"sr":1,"ks":{"o":{"a":0,"k":100,"ix":11},"r":{"a":0,"k":0,"ix":10},"p":{"a":0,"k":[466,326,0],"ix":2},"a":{"a":0,"k":[0,0,0],"ix":1},"s":{"a":0,"k":[100,109.597,100],"ix":6}},"ao":0,"shapes":[{"ty":"gr","it":[{"ty":"rc","d":1,"s":{"a":0,"k":[899.684,397.766],"ix":2},"p":{"a":0,"k":[0,0],"ix":3},"r":{"a":0,"k":0,"ix":4},"nm":"Rectangle Path 1","mn":"ADBE Vector Shape - Rect","hd":false},{"ty":"st","c":{"a":0,"k":[0.949020026712,0.949020026712,0.949020026712,1],"ix":3},"o":{"a":0,"k":100,"ix":4},"w":{"a":0,"k":0,"ix":5},"lc":1,"lj":1,"ml":4,"bm":0,"nm":"Stroke 1","mn":"ADBE Vector Graphic - Stroke","hd":false},{"ty":"fl","c":{"a":0,"k":[1,1,1,1],"ix":4},"o":{"a":0,"k":100,"ix":5},"r":1,"bm":0,"nm":"Fill 1","mn":"ADBE Vector Graphic - Fill","hd":false},{"ty":"tr","p":{"a":0,"k":[-0.158,98.883],"ix":2},"a":{"a":0,"k":[0,0],"ix":1},"s":{"a":0,"k":[100.062,99.736],"ix":3},"r":{"a":0,"k":0,"ix":6},"o":{"a":0,"k":100,"ix":7},"sk":{"a":0,"k":0,"ix":4},"sa":{"a":0,"k":0,"ix":5},"nm":"Transform"}],"nm":"Rectangle 1","np":3,"cix":2,"bm":0,"ix":1,"mn":"ADBE Vector Group","hd":false}],"ip":0,"op":432,"st":-13,"bm":0},{"ddd":0,"ind":56,"ty":2,"nm":"box 1/hifi.ai","cl":"ai","tt":1,"refId":"image_45","sr":1,"ks":{"o":{"a":1,"k":[{"i":{"x":[0.833],"y":[0.833]},"o":{"x":[0.167],"y":[0.167]},"t":407,"s":[100]},{"t":427,"s":[0]}],"ix":11},"r":{"a":0,"k":0,"ix":10},"p":{"s":true,"x":{"a":0,"k":165,"ix":3},"y":{"a":1,"k":[{"i":{"x":[0],"y":[1.168]},"o":{"x":[0.027],"y":[0.25]},"t":232,"s":[829]},{"t":244,"s":[446]}],"ix":4}},"a":{"a":0,"k":[137.5,178,0],"ix":1},"s":{"a":0,"k":[100,100,100],"ix":6}},"ao":0,"ip":0,"op":432,"st":-13,"bm":0},{"ddd":0,"ind":57,"ty":4,"nm":"box mask wireframe 3","td":1,"sr":1,"ks":{"o":{"a":0,"k":100,"ix":11},"r":{"a":0,"k":0,"ix":10},"p":{"a":0,"k":[466,326,0],"ix":2},"a":{"a":0,"k":[0,0,0],"ix":1},"s":{"a":0,"k":[100,109.597,100],"ix":6}},"ao":0,"shapes":[{"ty":"gr","it":[{"ty":"rc","d":1,"s":{"a":0,"k":[899.684,397.766],"ix":2},"p":{"a":0,"k":[0,0],"ix":3},"r":{"a":0,"k":0,"ix":4},"nm":"Rectangle Path 1","mn":"ADBE Vector Shape - Rect","hd":false},{"ty":"st","c":{"a":0,"k":[0.949020026712,0.949020026712,0.949020026712,1],"ix":3},"o":{"a":0,"k":100,"ix":4},"w":{"a":0,"k":0,"ix":5},"lc":1,"lj":1,"ml":4,"bm":0,"nm":"Stroke 1","mn":"ADBE Vector Graphic - Stroke","hd":false},{"ty":"fl","c":{"a":0,"k":[1,1,1,1],"ix":4},"o":{"a":0,"k":100,"ix":5},"r":1,"bm":0,"nm":"Fill 1","mn":"ADBE Vector Graphic - Fill","hd":false},{"ty":"tr","p":{"a":0,"k":[-0.158,98.883],"ix":2},"a":{"a":0,"k":[0,0],"ix":1},"s":{"a":0,"k":[100.062,99.736],"ix":3},"r":{"a":0,"k":0,"ix":6},"o":{"a":0,"k":100,"ix":7},"sk":{"a":0,"k":0,"ix":4},"sa":{"a":0,"k":0,"ix":5},"nm":"Transform"}],"nm":"Rectangle 1","np":3,"cix":2,"bm":0,"ix":1,"mn":"ADBE Vector Group","hd":false}],"ip":0,"op":432,"st":-13,"bm":0},{"ddd":0,"ind":58,"ty":2,"nm":"boxwireframesfinal.ai","cl":"ai","tt":1,"refId":"image_44","sr":1,"ks":{"o":{"a":1,"k":[{"i":{"x":[0.833],"y":[0.833]},"o":{"x":[0.167],"y":[0.167]},"t":0,"s":[0]},{"t":23,"s":[100]}],"ix":11},"r":{"a":0,"k":0,"ix":10},"p":{"s":true,"x":{"a":1,"k":[{"i":{"x":[0.973],"y":[1]},"o":{"x":[0.027],"y":[0]},"t":215,"s":[763]},{"t":224,"s":[763]}],"ix":3},"y":{"a":1,"k":[{"i":{"x":[0.947],"y":[0.82]},"o":{"x":[1],"y":[-0.309]},"t":215,"s":[446]},{"t":224,"s":[828]}],"ix":4}},"a":{"a":0,"k":[145,185,0],"ix":1},"s":{"a":0,"k":[100,100,100],"ix":6}},"ao":0,"ip":0,"op":432,"st":0,"bm":0},{"ddd":0,"ind":59,"ty":4,"nm":"box mask wireframe 4","td":1,"sr":1,"ks":{"o":{"a":0,"k":100,"ix":11},"r":{"a":0,"k":0,"ix":10},"p":{"a":0,"k":[466,326,0],"ix":2},"a":{"a":0,"k":[0,0,0],"ix":1},"s":{"a":0,"k":[100,109.597,100],"ix":6}},"ao":0,"shapes":[{"ty":"gr","it":[{"ty":"rc","d":1,"s":{"a":0,"k":[899.684,397.766],"ix":2},"p":{"a":0,"k":[0,0],"ix":3},"r":{"a":0,"k":0,"ix":4},"nm":"Rectangle Path 1","mn":"ADBE Vector Shape - Rect","hd":false},{"ty":"st","c":{"a":0,"k":[0.949020026712,0.949020026712,0.949020026712,1],"ix":3},"o":{"a":0,"k":100,"ix":4},"w":{"a":0,"k":0,"ix":5},"lc":1,"lj":1,"ml":4,"bm":0,"nm":"Stroke 1","mn":"ADBE Vector Graphic - Stroke","hd":false},{"ty":"fl","c":{"a":0,"k":[1,1,1,1],"ix":4},"o":{"a":0,"k":100,"ix":5},"r":1,"bm":0,"nm":"Fill 1","mn":"ADBE Vector Graphic - Fill","hd":false},{"ty":"tr","p":{"a":0,"k":[-0.158,98.883],"ix":2},"a":{"a":0,"k":[0,0],"ix":1},"s":{"a":0,"k":[100.062,99.736],"ix":3},"r":{"a":0,"k":0,"ix":6},"o":{"a":0,"k":100,"ix":7},"sk":{"a":0,"k":0,"ix":4},"sa":{"a":0,"k":0,"ix":5},"nm":"Transform"}],"nm":"Rectangle 1","np":3,"cix":2,"bm":0,"ix":1,"mn":"ADBE Vector Group","hd":false}],"ip":0,"op":432,"st":-13,"bm":0},{"ddd":0,"ind":60,"ty":2,"nm":"box 2/hifi.ai","cl":"ai","tt":1,"refId":"image_46","sr":1,"ks":{"o":{"a":1,"k":[{"i":{"x":[0.833],"y":[0.833]},"o":{"x":[0.167],"y":[0.167]},"t":407,"s":[100]},{"t":427,"s":[0]}],"ix":11},"r":{"a":0,"k":0,"ix":10},"p":{"s":true,"x":{"a":1,"k":[{"i":{"x":[0.982],"y":[1]},"o":{"x":[0.018],"y":[0]},"t":243,"s":[465]},{"t":251,"s":[465]}],"ix":3},"y":{"a":1,"k":[{"i":{"x":[0.009],"y":[1.252]},"o":{"x":[0.018],"y":[0.228]},"t":233,"s":[831.187]},{"t":251,"s":[446]}],"ix":4}},"a":{"a":0,"k":[137.5,178,0],"ix":1},"s":{"a":0,"k":[100,100,100],"ix":6}},"ao":0,"ip":0,"op":432,"st":-13,"bm":0},{"ddd":0,"ind":61,"ty":4,"nm":"box mask wireframe 5","td":1,"sr":1,"ks":{"o":{"a":1,"k":[{"i":{"x":[0.833],"y":[0.833]},"o":{"x":[0.167],"y":[0.167]},"t":0,"s":[0]},{"t":5,"s":[100]}],"ix":11},"r":{"a":0,"k":0,"ix":10},"p":{"a":0,"k":[466,326,0],"ix":2},"a":{"a":0,"k":[0,0,0],"ix":1},"s":{"a":0,"k":[100,109.597,100],"ix":6}},"ao":0,"shapes":[{"ty":"gr","it":[{"ty":"rc","d":1,"s":{"a":0,"k":[899.684,397.766],"ix":2},"p":{"a":0,"k":[0,0],"ix":3},"r":{"a":0,"k":0,"ix":4},"nm":"Rectangle Path 1","mn":"ADBE Vector Shape - Rect","hd":false},{"ty":"st","c":{"a":0,"k":[0.949020026712,0.949020026712,0.949020026712,1],"ix":3},"o":{"a":0,"k":100,"ix":4},"w":{"a":0,"k":0,"ix":5},"lc":1,"lj":1,"ml":4,"bm":0,"nm":"Stroke 1","mn":"ADBE Vector Graphic - Stroke","hd":false},{"ty":"fl","c":{"a":0,"k":[1,1,1,1],"ix":4},"o":{"a":0,"k":100,"ix":5},"r":1,"bm":0,"nm":"Fill 1","mn":"ADBE Vector Graphic - Fill","hd":false},{"ty":"tr","p":{"a":0,"k":[-0.158,98.883],"ix":2},"a":{"a":0,"k":[0,0],"ix":1},"s":{"a":0,"k":[100.062,99.736],"ix":3},"r":{"a":0,"k":0,"ix":6},"o":{"a":0,"k":100,"ix":7},"sk":{"a":0,"k":0,"ix":4},"sa":{"a":0,"k":0,"ix":5},"nm":"Transform"}],"nm":"Rectangle 1","np":3,"cix":2,"bm":0,"ix":1,"mn":"ADBE Vector Group","hd":false}],"ip":0,"op":432,"st":-13,"bm":0},{"ddd":0,"ind":62,"ty":2,"nm":"boxwireframesfinal.ai","cl":"ai","tt":1,"refId":"image_44","sr":1,"ks":{"o":{"a":1,"k":[{"i":{"x":[0.833],"y":[0.833]},"o":{"x":[0.167],"y":[0.167]},"t":0,"s":[0]},{"t":23,"s":[100]}],"ix":11},"r":{"a":0,"k":0,"ix":10},"p":{"s":true,"x":{"a":0,"k":465,"ix":3},"y":{"a":1,"k":[{"i":{"x":[0.947],"y":[0.82]},"o":{"x":[1],"y":[-0.309]},"t":214,"s":[446]},{"t":223,"s":[828]}],"ix":4}},"a":{"a":0,"k":[145,185,0],"ix":1},"s":{"a":0,"k":[100,100,100],"ix":6}},"ao":0,"ip":0,"op":432,"st":0,"bm":0},{"ddd":0,"ind":63,"ty":4,"nm":"box mask wireframe 6","td":1,"sr":1,"ks":{"o":{"a":0,"k":100,"ix":11},"r":{"a":0,"k":0,"ix":10},"p":{"a":0,"k":[466,326,0],"ix":2},"a":{"a":0,"k":[0,0,0],"ix":1},"s":{"a":0,"k":[100,109.597,100],"ix":6}},"ao":0,"shapes":[{"ty":"gr","it":[{"ty":"rc","d":1,"s":{"a":0,"k":[899.684,397.766],"ix":2},"p":{"a":0,"k":[0,0],"ix":3},"r":{"a":0,"k":0,"ix":4},"nm":"Rectangle Path 1","mn":"ADBE Vector Shape - Rect","hd":false},{"ty":"st","c":{"a":0,"k":[0.949020026712,0.949020026712,0.949020026712,1],"ix":3},"o":{"a":0,"k":100,"ix":4},"w":{"a":0,"k":0,"ix":5},"lc":1,"lj":1,"ml":4,"bm":0,"nm":"Stroke 1","mn":"ADBE Vector Graphic - Stroke","hd":false},{"ty":"fl","c":{"a":0,"k":[1,1,1,1],"ix":4},"o":{"a":0,"k":100,"ix":5},"r":1,"bm":0,"nm":"Fill 1","mn":"ADBE Vector Graphic - Fill","hd":false},{"ty":"tr","p":{"a":0,"k":[-0.158,98.883],"ix":2},"a":{"a":0,"k":[0,0],"ix":1},"s":{"a":0,"k":[100.062,99.736],"ix":3},"r":{"a":0,"k":0,"ix":6},"o":{"a":0,"k":100,"ix":7},"sk":{"a":0,"k":0,"ix":4},"sa":{"a":0,"k":0,"ix":5},"nm":"Transform"}],"nm":"Rectangle 1","np":3,"cix":2,"bm":0,"ix":1,"mn":"ADBE Vector Group","hd":false}],"ip":0,"op":432,"st":-13,"bm":0},{"ddd":0,"ind":64,"ty":2,"nm":"box 3/hifi.ai","cl":"ai","tt":1,"refId":"image_47","sr":1,"ks":{"o":{"a":1,"k":[{"i":{"x":[0.833],"y":[0.833]},"o":{"x":[0.167],"y":[0.167]},"t":407,"s":[100]},{"t":427,"s":[0]}],"ix":11},"r":{"a":0,"k":0,"ix":10},"p":{"s":true,"x":{"a":0,"k":763,"ix":3},"y":{"a":1,"k":[{"i":{"x":[0.833],"y":[0.833]},"o":{"x":[0.167],"y":[0.167]},"t":230,"s":[831.187]},{"i":{"x":[0.833],"y":[0.833]},"o":{"x":[0.167],"y":[0.167]},"t":243,"s":[426.187]},{"t":254,"s":[446]}],"ix":4}},"a":{"a":0,"k":[137.5,178,0],"ix":1},"s":{"a":0,"k":[100,100,100],"ix":6}},"ao":0,"ip":0,"op":432,"st":-13,"bm":0},{"ddd":0,"ind":65,"ty":2,"nm":"browser.ai","cl":"ai","refId":"image_48","sr":1,"ks":{"o":{"a":0,"k":100,"ix":11},"r":{"a":0,"k":0,"ix":10},"p":{"a":0,"k":[465,355,0],"ix":2},"a":{"a":0,"k":[465,300,0],"ix":1},"s":{"a":0,"k":[100,100,100],"ix":6}},"ao":0,"ip":0,"op":432,"st":0,"bm":0}]}],"fonts":{"list":[{"fName":"NotoMono","fFamily":"Noto Mono","fStyle":"Regular","ascent":76.9994506835938}]},"layers":[{"ddd":0,"ind":1,"ty":5,"nm":"<nav class=“nav”>Ranger Assignments....</nav> 2","sr":1,"ks":{"o":{"a":0,"k":100,"ix":11},"r":{"a":0,"k":0,"ix":10},"p":{"a":0,"k":[119.5,579,0],"ix":2},"a":{"a":0,"k":[0,0,0],"ix":1},"s":{"a":0,"k":[100,100,100],"ix":6}},"ao":0,"t":{"d":{"k":[{"s":{"s":18,"f":"NotoMono","t":"<nav class=“nav”>Ranger Assignments....</nav>","j":0,"tr":0,"lh":21.6,"ls":0,"fc":[0.604,0.604,0.604]},"t":0}]},"p":{},"m":{"g":1,"a":{"a":0,"k":[0,0],"ix":2}},"a":[{"nm":"Animator 1","s":{"t":0,"xe":{"a":0,"k":0,"ix":7},"ne":{"a":0,"k":0,"ix":8},"a":{"a":0,"k":100,"ix":4},"b":1,"rn":0,"sh":1,"s":{"a":1,"k":[{"i":{"x":[0.833],"y":[0.833]},"o":{"x":[0.167],"y":[0.167]},"t":26,"s":[0]},{"t":89,"s":[100]}],"ix":1},"r":1},"a":{"o":{"a":0,"k":0,"ix":9}}}]},"ip":0,"op":406,"st":0,"bm":0},{"ddd":0,"ind":2,"ty":5,"nm":"<nav class=“nav”>Ranger Assignments....</nav>","sr":1,"ks":{"o":{"a":0,"k":100,"ix":11},"r":{"a":0,"k":0,"ix":10},"p":{"a":0,"k":[119.5,579,0],"ix":2},"a":{"a":0,"k":[0,0,0],"ix":1},"s":{"a":0,"k":[100,100,100],"ix":6}},"ao":0,"t":{"d":{"k":[{"s":{"s":18,"f":"NotoMono","t":"<nav class=“nav”>Ranger Assignments....</nav>","j":0,"tr":0,"lh":21.6,"ls":0,"fc":[0.604,0.604,0.604]},"t":0}]},"p":{},"m":{"g":1,"a":{"a":0,"k":[0,0],"ix":2}},"a":[{"nm":"Animator 1","s":{"t":0,"xe":{"a":0,"k":0,"ix":7},"ne":{"a":0,"k":0,"ix":8},"a":{"a":0,"k":100,"ix":4},"b":1,"rn":0,"sh":1,"s":{"a":1,"k":[{"i":{"x":[0.833],"y":[0.833]},"o":{"x":[0.167],"y":[0.167]},"t":27,"s":[0]},{"t":90,"s":[100]}],"ix":1},"r":1},"a":{"o":{"a":0,"k":0,"ix":9}}},{"nm":"Animator 2","s":{"t":0,"xe":{"a":0,"k":0,"ix":7},"ne":{"a":0,"k":0,"ix":8},"a":{"a":0,"k":100,"ix":4},"b":1,"rn":0,"sh":1,"r":1},"a":{"o":{"a":1,"k":[{"i":{"x":[0.833],"y":[0.833]},"o":{"x":[0.167],"y":[0.167]},"t":406,"s":[100]},{"t":413,"s":[0]}],"ix":9}}}]},"ip":406,"op":432,"st":1,"bm":0},{"ddd":0,"ind":3,"ty":5,"nm":"<ul class=“tab”<li>Primrose Ridge</li>....<ul> 2","tg":"ul","sr":1,"ks":{"o":{"a":0,"k":100,"ix":11},"r":{"a":0,"k":0,"ix":10},"p":{"a":0,"k":[119.5,625.987,0],"ix":2},"a":{"a":0,"k":[0,0,0],"ix":1},"s":{"a":0,"k":[100,100,100],"ix":6}},"ao":0,"t":{"d":{"k":[{"s":{"s":18,"f":"NotoMono","t":"<ul class=“tab”<li>Primrose Ridge</li>....<ul>","j":0,"tr":0,"lh":21.6,"ls":0,"fc":[0.604,0.604,0.604]},"t":0}]},"p":{},"m":{"g":1,"a":{"a":0,"k":[0,0],"ix":2}},"a":[{"nm":"Animator 1","s":{"t":0,"xe":{"a":0,"k":0,"ix":7},"ne":{"a":0,"k":0,"ix":8},"a":{"a":0,"k":100,"ix":4},"b":1,"rn":0,"sh":1,"s":{"a":1,"k":[{"i":{"x":[0.833],"y":[0.833]},"o":{"x":[0.167],"y":[0.167]},"t":116,"s":[0]},{"t":155,"s":[100]}],"ix":1},"r":1},"a":{"o":{"a":0,"k":0,"ix":9}}}]},"ip":0,"op":406,"st":0,"bm":0},{"ddd":0,"ind":4,"ty":5,"nm":"<ul class=“tab”<li>Primrose Ridge</li>....<ul> ","tg":"ul","sr":1,"ks":{"o":{"a":0,"k":100,"ix":11},"r":{"a":0,"k":0,"ix":10},"p":{"a":0,"k":[119.5,625.987,0],"ix":2},"a":{"a":0,"k":[0,0,0],"ix":1},"s":{"a":0,"k":[100,100,100],"ix":6}},"ao":0,"t":{"d":{"k":[{"s":{"s":18,"f":"NotoMono","t":"<ul class=“tab”<li>Primrose Ridge</li>....<ul>","j":0,"tr":0,"lh":21.6,"ls":0,"fc":[0.604,0.604,0.604]},"t":0}]},"p":{},"m":{"g":1,"a":{"a":0,"k":[0,0],"ix":2}},"a":[{"nm":"Animator 1","s":{"t":0,"xe":{"a":0,"k":0,"ix":7},"ne":{"a":0,"k":0,"ix":8},"a":{"a":0,"k":100,"ix":4},"b":1,"rn":0,"sh":1,"s":{"a":1,"k":[{"i":{"x":[0.833],"y":[0.833]},"o":{"x":[0.167],"y":[0.167]},"t":117,"s":[0]},{"t":156,"s":[100]}],"ix":1},"r":1},"a":{"o":{"a":0,"k":0,"ix":9}}},{"nm":"Animator 2","s":{"t":0,"xe":{"k":0},"ne":{"k":0},"a":{"k":100},"b":1,"sh":0,"s":{"k":0},"e":{"k":100},"o":{"k":0}},"a":{"o":{"a":1,"k":[{"i":{"x":[0.833],"y":[0.833]},"o":{"x":[0.167],"y":[0.167]},"t":406,"s":[100]},{"t":413,"s":[0]}],"ix":9}}}]},"ip":406,"op":432,"st":1,"bm":0},{"ddd":0,"ind":5,"ty":5,"nm":"<div class=“container”><div>Restoration</div>....</div> 2","tg":"div","sr":1,"ks":{"o":{"a":0,"k":100,"ix":11},"r":{"a":0,"k":0,"ix":10},"p":{"a":0,"k":[119.5,675,0],"ix":2},"a":{"a":0,"k":[0,0,0],"ix":1},"s":{"a":0,"k":[100,100,100],"ix":6}},"ao":0,"t":{"d":{"k":[{"s":{"s":18,"f":"NotoMono","t":"<div class=“container”><div>Restoration</div>....</div>","j":0,"tr":0,"lh":21.6,"ls":0,"fc":[0.604,0.604,0.604]},"t":0}]},"p":{},"m":{"g":1,"a":{"a":0,"k":[0,0],"ix":2}},"a":[{"nm":"Animator 1","s":{"t":0,"xe":{"a":0,"k":0,"ix":7},"ne":{"a":0,"k":0,"ix":8},"a":{"a":0,"k":100,"ix":4},"b":1,"rn":0,"sh":1,"s":{"a":1,"k":[{"i":{"x":[0.833],"y":[0.833]},"o":{"x":[0.167],"y":[0.167]},"t":150,"s":[0]},{"t":251,"s":[100]}],"ix":1},"r":1},"a":{"o":{"a":0,"k":0,"ix":9}}}]},"ip":0,"op":406,"st":0,"bm":0},{"ddd":0,"ind":6,"ty":5,"nm":"<div class=“container”><div>Restoration</div>....</div>","tg":"div","sr":1,"ks":{"o":{"a":0,"k":100,"ix":11},"r":{"a":0,"k":0,"ix":10},"p":{"a":0,"k":[119.5,675,0],"ix":2},"a":{"a":0,"k":[0,0,0],"ix":1},"s":{"a":0,"k":[100,100,100],"ix":6}},"ao":0,"t":{"d":{"k":[{"s":{"s":18,"f":"NotoMono","t":"<div class=“container”><div>Restoration</div>....</div>","j":0,"tr":0,"lh":21.6,"ls":0,"fc":[0.604,0.604,0.604]},"t":0}]},"p":{},"m":{"g":1,"a":{"a":0,"k":[0,0],"ix":2}},"a":[{"nm":"Animator 1","s":{"t":0,"xe":{"a":0,"k":0,"ix":7},"ne":{"a":0,"k":0,"ix":8},"a":{"a":0,"k":100,"ix":4},"b":1,"rn":0,"sh":1,"s":{"a":1,"k":[{"i":{"x":[0.833],"y":[0.833]},"o":{"x":[0.167],"y":[0.167]},"t":151,"s":[0]},{"t":252,"s":[100]}],"ix":1},"r":1},"a":{"o":{"a":0,"k":0,"ix":9}}},{"nm":"Animator 2","s":{"t":0,"xe":{"k":0},"ne":{"k":0},"a":{"k":100},"b":1,"sh":0,"s":{"k":0},"e":{"k":100},"o":{"k":0}},"a":{"o":{"a":1,"k":[{"i":{"x":[0.833],"y":[0.833]},"o":{"x":[0.167],"y":[0.167]},"t":406,"s":[100]},{"t":413,"s":[0]}],"ix":9}}}]},"ip":406,"op":432,"st":1,"bm":0},{"ddd":0,"ind":7,"ty":2,"nm":"code-snippet.ai","cl":"ai","refId":"image_0","sr":1,"ks":{"o":{"a":0,"k":100,"ix":11},"r":{"a":0,"k":0,"ix":10},"p":{"s":true,"x":{"a":1,"k":[{"i":{"x":[0.986],"y":[1]},"o":{"x":[0.014],"y":[0]},"t":0,"s":[465]},{"t":17,"s":[465]}],"ix":3},"y":{"a":1,"k":[{"i":{"x":[0.322],"y":[1.437]},"o":{"x":[0.169],"y":[0.387]},"t":0,"s":[863]},{"t":17,"s":[598]}],"ix":4}},"a":{"a":0,"k":[385,121,0],"ix":1},"s":{"a":0,"k":[100,100,100],"ix":6}},"ao":0,"ip":0,"op":406,"st":0,"bm":0},{"ddd":0,"ind":8,"ty":2,"nm":"code-snippet-disappear","refId":"image_0","sr":1,"ks":{"o":{"a":0,"k":100,"ix":11},"r":{"a":0,"k":0,"ix":10},"p":{"s":true,"x":{"a":1,"k":[{"i":{"x":[0.982],"y":[1]},"o":{"x":[0.018],"y":[0]},"t":406,"s":[465]},{"t":419,"s":[465]}],"ix":3},"y":{"a":1,"k":[{"i":{"x":[0.982],"y":[0.833]},"o":{"x":[0.918],"y":[-0.421]},"t":406,"s":[598]},{"t":419,"s":[863]}],"ix":4}},"a":{"a":0,"k":[385,121,0],"ix":1},"s":{"a":0,"k":[100,100,100],"ix":6}},"ao":0,"ip":406,"op":431,"st":20,"bm":0},{"ddd":0,"ind":9,"ty":0,"nm":"ui-final","refId":"comp_0","sr":1,"ks":{"o":{"a":0,"k":100,"ix":11},"r":{"a":0,"k":0,"ix":10},"p":{"a":0,"k":[465,300,0],"ix":2},"a":{"a":0,"k":[465,355,0],"ix":1},"s":{"a":0,"k":[100,100,100],"ix":6}},"ao":0,"w":930,"h":710,"ip":0,"op":432,"st":0,"bm":0}],"markers":[],"chars":[{"ch":"<","size":18,"style":"Regular","w":60.01,"data":{"shapes":[{"ty":"gr","it":[{"ind":0,"ty":"sh","ix":1,"ks":{"a":0,"k":{"i":[[0,0],[0,0],[0,0],[0,0],[0,0],[0,0],[0,0]],"o":[[0,0],[0,0],[0,0],[0,0],[0,0],[0,0],[0,0]],"v":[[52.49,-18.604],[17.578,-35.303],[52.49,-52.002],[52.49,-59.814],[7.422,-37.793],[7.422,-32.812],[52.49,-10.791]],"c":true},"ix":2},"nm":"<","mn":"ADBE Vector Shape - Group","hd":false}],"nm":"<","np":3,"cix":2,"bm":0,"ix":1,"mn":"ADBE Vector Group","hd":false}]},"fFamily":"Noto Mono"},{"ch":"d","size":18,"style":"Regular","w":60.01,"data":{"shapes":[{"ty":"gr","it":[{"ind":0,"ty":"sh","ix":1,"ks":{"a":0,"k":{"i":[[0,0],[0,0],[0,0],[0,0],[0,0],[-0.391,-4.199],[0,0],[6.705,0],[3.743,-4.899],[0,-8.789],[-3.728,-4.866],[-6.543,0],[-3.679,5.437],[0,0]],"o":[[0,0],[0,0],[0,0],[0,0],[0,1.074],[0,0],[-3.777,-5.208],[-6.511,0],[-3.744,4.9],[0,8.724],[3.727,4.867],[6.803,0],[0,0],[0,0]],"v":[[45.117,0],[52.295,0],[52.295,-75.977],[43.408,-75.977],[43.408,-54.688],[43.994,-46.777],[43.408,-46.777],[27.686,-54.59],[12.305,-47.241],[6.689,-26.709],[12.28,-6.323],[27.686,0.977],[43.408,-7.178],[43.799,-7.178]],"c":true},"ix":2},"nm":"d","mn":"ADBE Vector Shape - Group","hd":false},{"ind":1,"ty":"sh","ix":2,"ks":{"a":0,"k":{"i":[[2.164,-2.881],[4.948,0],[0,13.477],[-8.855,0],[-2.263,-3.141],[0,-7.389],[0,0]],"o":[[-2.165,2.881],[-8.92,0],[0,-13.737],[4.948,0],[2.262,3.142],[0,0],[-0.13,6.445]],"v":[[39.966,-10.718],[29.297,-6.396],[15.918,-26.611],[29.199,-47.217],[40.015,-42.505],[43.408,-26.709],[43.408,-24.707]],"c":true},"ix":2},"nm":"d","mn":"ADBE Vector Shape - Group","hd":false}],"nm":"d","np":5,"cix":2,"bm":0,"ix":1,"mn":"ADBE Vector Group","hd":false}]},"fFamily":"Noto Mono"},{"ch":"i","size":18,"style":"Regular","w":60.01,"data":{"shapes":[{"ty":"gr","it":[{"ind":0,"ty":"sh","ix":1,"ks":{"a":0,"k":{"i":[[0,-3.711],[-3.484,0],[-1.025,0.928],[0,1.888],[3.45,0]],"o":[[0,3.744],[1.399,0],[1.025,-0.928],[0,-3.711],[-3.484,0]],"v":[[25.684,-70.117],[30.908,-64.502],[34.546,-65.894],[36.084,-70.117],[30.908,-75.684]],"c":true},"ix":2},"nm":"i","mn":"ADBE Vector Shape - Group","hd":false},{"ind":1,"ty":"sh","ix":2,"ks":{"a":0,"k":{"i":[[0,0],[0,0],[0,0],[0,0],[0,0],[0,0],[0,0],[0,0],[0,0],[0,0]],"o":[[0,0],[0,0],[0,0],[0,0],[0,0],[0,0],[0,0],[0,0],[0,0],[0,0]],"v":[[26.416,-6.982],[9.619,-6.006],[9.619,0],[52.49,0],[52.49,-6.006],[35.303,-6.982],[35.303,-53.613],[13.281,-53.613],[13.281,-47.607],[26.416,-46.582]],"c":true},"ix":2},"nm":"i","mn":"ADBE Vector Shape - Group","hd":false}],"nm":"i","np":5,"cix":2,"bm":0,"ix":1,"mn":"ADBE Vector Group","hd":false}]},"fFamily":"Noto Mono"},{"ch":"v","size":18,"style":"Regular","w":60.01,"data":{"shapes":[{"ty":"gr","it":[{"ind":0,"ty":"sh","ix":1,"ks":{"a":0,"k":{"i":[[0,0],[0,0],[0,0],[0,0],[0.227,-1.432],[0,0],[2.766,7.52],[0,0],[0,0],[0,0]],"o":[[0,0],[0,0],[0,0],[-3.06,9.148],[0,0],[-0.488,-3.059],[0,0],[0,0],[0,0],[0,0]],"v":[[35.596,0],[55.908,-53.613],[46.68,-53.613],[35.01,-21.777],[30.078,-5.908],[29.785,-5.908],[24.902,-21.777],[13.184,-53.613],[4.004,-53.613],[24.316,0]],"c":true},"ix":2},"nm":"v","mn":"ADBE Vector Shape - Group","hd":false}],"nm":"v","np":3,"cix":2,"bm":0,"ix":1,"mn":"ADBE Vector Group","hd":false}]},"fFamily":"Noto Mono"},{"ch":" ","size":18,"style":"Regular","w":60.01,"data":{},"fFamily":"Noto Mono"},{"ch":"c","size":18,"style":"Regular","w":60.01,"data":{"shapes":[{"ty":"gr","it":[{"ind":0,"ty":"sh","ix":1,"ks":{"a":0,"k":{"i":[[5.794,0],[4.72,-4.785],[0,-9.147],[-4.623,-4.736],[-8.366,0],[-4.362,1.986],[0,0],[5.11,0],[0,13.216],[-12.077,0],[-4.883,-1.855],[0,0]],"o":[[-8.562,0],[-4.72,4.785],[0,8.855],[4.622,4.736],[6.348,0],[0,0],[-5.339,2.019],[-11.752,0],[0,-13.444],[3.841,0],[0,0],[-5.144,-1.92]],"v":[[35.4,-54.59],[15.479,-47.412],[8.398,-26.514],[15.332,-6.128],[34.814,0.977],[50.879,-2.002],[50.879,-9.814],[35.205,-6.787],[17.578,-26.611],[35.693,-46.777],[48.779,-43.994],[51.807,-51.709]],"c":true},"ix":2},"nm":"c","mn":"ADBE Vector Shape - Group","hd":false}],"nm":"c","np":3,"cix":2,"bm":0,"ix":1,"mn":"ADBE Vector Group","hd":false}]},"fFamily":"Noto Mono"},{"ch":"l","size":18,"style":"Regular","w":60.01,"data":{"shapes":[{"ty":"gr","it":[{"ind":0,"ty":"sh","ix":1,"ks":{"a":0,"k":{"i":[[0,0],[0,0],[0,0],[0,0],[0,0],[0,0],[0,0],[0,0],[0,0],[0,0]],"o":[[0,0],[0,0],[0,0],[0,0],[0,0],[0,0],[0,0],[0,0],[0,0],[0,0]],"v":[[25.977,-6.982],[9.18,-6.006],[9.18,0],[52.1,0],[52.1,-6.006],[34.912,-6.982],[34.912,-75.977],[12.891,-75.977],[12.891,-70.02],[25.977,-68.994]],"c":true},"ix":2},"nm":"l","mn":"ADBE Vector Shape - Group","hd":false}],"nm":"l","np":3,"cix":2,"bm":0,"ix":1,"mn":"ADBE Vector Group","hd":false}]},"fFamily":"Noto Mono"},{"ch":"a","size":18,"style":"Regular","w":60.01,"data":{"shapes":[{"ty":"gr","it":[{"ind":0,"ty":"sh","ix":1,"ks":{"a":0,"k":{"i":[[0,0],[0,0],[3.304,2.832],[7.389,0],[6.38,-3.125],[0,0],[-4.785,0],[0,-7.682],[0,0],[0,0],[0,-10.807],[-3.011,-2.799],[-5.306,0],[-2.637,1.221],[-2.507,3.158],[0,0],[0,0]],"o":[[0,0],[0,-6.25],[-3.304,-2.832],[-6.087,0],[0,0],[5.891,-2.669],[7.942,0],[0,0],[0,0],[-16.602,0.521],[0,5.046],[3.011,2.8],[4.166,0],[2.637,-1.221],[0,0],[0,0],[0,0]],"v":[[50.098,0],[50.098,-36.719],[45.142,-50.342],[29.102,-54.59],[10.4,-49.902],[13.477,-43.213],[29.492,-47.217],[41.406,-35.693],[41.406,-32.324],[31.494,-31.982],[6.592,-14.99],[11.108,-3.223],[23.584,0.977],[33.789,-0.854],[41.504,-7.422],[41.895,-7.422],[43.701,0]],"c":true},"ix":2},"nm":"a","mn":"ADBE Vector Shape - Group","hd":false},{"ind":1,"ty":"sh","ix":2,"ks":{"a":0,"k":{"i":[[0,0],[2.848,-2.653],[4.785,0],[0,5.795],[-2.67,1.742],[-6.38,0.261],[0,0]],"o":[[0,4.818],[-2.849,2.654],[-6.511,0],[0,-3.58],[2.669,-1.741],[0,0],[0,0]],"v":[[41.309,-21.387],[37.036,-10.181],[25.586,-6.201],[15.82,-14.893],[19.824,-22.876],[33.398,-25.879],[41.309,-26.221]],"c":true},"ix":2},"nm":"a","mn":"ADBE Vector Shape - Group","hd":false}],"nm":"a","np":5,"cix":2,"bm":0,"ix":1,"mn":"ADBE Vector Group","hd":false}]},"fFamily":"Noto Mono"},{"ch":"s","size":18,"style":"Regular","w":60.01,"data":{"shapes":[{"ty":"gr","it":[{"ind":0,"ty":"sh","ix":1,"ks":{"a":0,"k":{"i":[[-8.073,0],[-3.809,2.783],[0,4.883],[2.262,2.425],[6.868,2.507],[1.643,1.189],[0,1.986],[-7.683,0],[-5.925,-2.344],[0,0],[6.445,0],[3.629,-2.522],[0,-4.427],[-1.97,-2.36],[-7.585,-2.832],[-1.595,-1.367],[0,-1.855],[8.952,0],[6.282,2.8],[0,0]],"o":[[6.966,0],[3.809,-2.783],[0,-3.516],[-2.263,-2.425],[-5.925,-2.116],[-1.644,-1.188],[0,-4.329],[4.459,0],[0,0],[-5.566,-2.409],[-6.413,0],[-3.63,2.523],[0,3.223],[1.969,2.361],[5.762,2.084],[1.595,1.367],[0,5.273],[-5.762,0],[0,0],[4.134,2.246]],"v":[[28.223,0.977],[44.385,-3.198],[50.098,-14.697],[46.704,-23.608],[33.008,-31.006],[21.655,-35.962],[19.189,-40.723],[30.713,-47.217],[46.289,-43.701],[49.219,-50.977],[31.201,-54.59],[16.138,-50.806],[10.693,-40.381],[13.647,-32.007],[27.979,-24.219],[39.014,-19.043],[41.406,-14.209],[27.979,-6.299],[9.912,-10.498],[9.912,-2.393]],"c":true},"ix":2},"nm":"s","mn":"ADBE Vector Shape - Group","hd":false}],"nm":"s","np":3,"cix":2,"bm":0,"ix":1,"mn":"ADBE Vector Group","hd":false}]},"fFamily":"Noto Mono"},{"ch":"=","size":18,"style":"Regular","w":60.01,"data":{"shapes":[{"ty":"gr","it":[{"ind":0,"ty":"sh","ix":1,"ks":{"a":0,"k":{"i":[[0,0],[0,0],[0,0],[0,0]],"o":[[0,0],[0,0],[0,0],[0,0]],"v":[[52.49,-41.602],[52.49,-48.877],[7.422,-48.877],[7.422,-41.602]],"c":true},"ix":2},"nm":"=","mn":"ADBE Vector Shape - Group","hd":false},{"ind":1,"ty":"sh","ix":2,"ks":{"a":0,"k":{"i":[[0,0],[0,0],[0,0],[0,0]],"o":[[0,0],[0,0],[0,0],[0,0]],"v":[[52.49,-21.582],[52.49,-28.906],[7.422,-28.906],[7.422,-21.582]],"c":true},"ix":2},"nm":"=","mn":"ADBE Vector Shape - Group","hd":false}],"nm":"=","np":5,"cix":2,"bm":0,"ix":1,"mn":"ADBE Vector Group","hd":false}]},"fFamily":"Noto Mono"},{"ch":"“","size":18,"style":"Regular","w":60.01,"data":{"shapes":[{"ty":"gr","it":[{"ind":0,"ty":"sh","ix":1,"ks":{"a":0,"k":{"i":[[0,0],[-2.019,8.301],[0,0],[1.758,-6.705],[0,0]],"o":[[1.237,-8.008],[0,0],[-4.004,8.887],[0,0],[0,0]],"v":[[43.604,-46.924],[48.486,-71.387],[40.82,-71.387],[32.178,-47.998],[32.91,-46.924]],"c":true},"ix":2},"nm":"“","mn":"ADBE Vector Shape - Group","hd":false},{"ind":1,"ty":"sh","ix":2,"ks":{"a":0,"k":{"i":[[0,0],[-2.019,8.301],[0,0],[1.758,-6.705],[0,0]],"o":[[1.237,-8.008],[0,0],[-4.004,8.887],[0,0],[0,0]],"v":[[22.803,-46.924],[27.686,-71.387],[20.02,-71.387],[11.377,-47.998],[12.109,-46.924]],"c":true},"ix":2},"nm":"“","mn":"ADBE Vector Shape - Group","hd":false}],"nm":"“","np":5,"cix":2,"bm":0,"ix":1,"mn":"ADBE Vector Group","hd":false}]},"fFamily":"Noto Mono"},{"ch":"o","size":18,"style":"Regular","w":60.01,"data":{"shapes":[{"ty":"gr","it":[{"ind":0,"ty":"sh","ix":1,"ks":{"a":0,"k":{"i":[[-4.46,4.98],[0,8.627],[4.524,5.046],[7.096,0],[4.411,-4.948],[0,-8.561],[-4.541,-5.061],[-7.031,0]],"o":[[4.459,-4.98],[0,-8.366],[-4.525,-5.045],[-7.487,0],[-4.411,4.948],[0,8.464],[4.541,5.062],[7.422,0]],"v":[[47.607,-6.494],[54.297,-26.904],[47.51,-47.021],[30.078,-54.59],[12.231,-47.168],[5.615,-26.904],[12.427,-6.616],[29.785,0.977]],"c":true},"ix":2},"nm":"o","mn":"ADBE Vector Shape - Group","hd":false},{"ind":1,"ty":"sh","ix":2,"ks":{"a":0,"k":{"i":[[0,13.672],[-10.059,0],[0,-13.541],[10.091,0]],"o":[[0,-13.541],[10.156,0],[0,13.672],[-10.124,0]],"v":[[14.795,-26.904],[29.883,-47.217],[45.117,-26.904],[29.98,-6.396]],"c":true},"ix":2},"nm":"o","mn":"ADBE Vector Shape - Group","hd":false}],"nm":"o","np":5,"cix":2,"bm":0,"ix":1,"mn":"ADBE Vector Group","hd":false}]},"fFamily":"Noto Mono"},{"ch":"n","size":18,"style":"Regular","w":60.01,"data":{"shapes":[{"ty":"gr","it":[{"ind":0,"ty":"sh","ix":1,"ks":{"a":0,"k":{"i":[[0,0],[0,0],[12.663,0],[3.352,-5.469],[0,0],[0,0],[0,0],[0,0],[0,0],[0,0],[-9.994,0],[0,-8.463],[0,0]],"o":[[0,0],[0,-13.053],[-7.585,0],[0,0],[0,0],[0,0],[0,0],[0,0],[0,0],[0,-12.955],[7.747,0],[0,0],[0,0]],"v":[[52.197,0],[52.197,-35.01],[33.203,-54.59],[16.797,-46.387],[16.309,-46.387],[14.99,-53.613],[7.812,-53.613],[7.812,0],[16.699,0],[16.699,-27.783],[31.689,-47.217],[43.311,-34.521],[43.311,0]],"c":true},"ix":2},"nm":"n","mn":"ADBE Vector Shape - Group","hd":false}],"nm":"n","np":3,"cix":2,"bm":0,"ix":1,"mn":"ADBE Vector Group","hd":false}]},"fFamily":"Noto Mono"},{"ch":"t","size":18,"style":"Regular","w":60.01,"data":{"shapes":[{"ty":"gr","it":[{"ind":0,"ty":"sh","ix":1,"ks":{"a":0,"k":{"i":[[3.027,0],[0,6.348],[0,0],[0,0],[0,0],[0,0],[0,0],[0,0],[0,0],[0,0],[0,0],[0,0],[0,0],[-11.784,0],[-4.232,1.041],[0,0]],"o":[[-6.25,0],[0,0],[0,0],[0,0],[0,0],[0,0],[0,0],[0,0],[0,0],[0,0],[0,0],[0,0],[0,11.198],[3.971,0],[0,0],[-4.785,0.684]],"v":[[38.086,-6.299],[28.711,-15.82],[28.711,-46.924],[50.098,-46.924],[50.098,-53.613],[28.711,-53.613],[28.711,-67.92],[23.584,-67.92],[19.824,-53.906],[6.787,-51.514],[6.787,-46.924],[19.824,-46.924],[19.824,-15.82],[37.5,0.977],[49.805,-0.586],[49.805,-7.324]],"c":true},"ix":2},"nm":"t","mn":"ADBE Vector Shape - Group","hd":false}],"nm":"t","np":3,"cix":2,"bm":0,"ix":1,"mn":"ADBE Vector Group","hd":false}]},"fFamily":"Noto Mono"},{"ch":"e","size":18,"style":"Regular","w":60.01,"data":{"shapes":[{"ty":"gr","it":[{"ind":0,"ty":"sh","ix":1,"ks":{"a":0,"k":{"i":[[0,0],[4.118,4.362],[6.901,0],[4.411,-5.061],[0,-8.659],[-4.785,-4.866],[-7.976,0],[-5.404,2.441],[0,0],[6.348,0],[0.26,12.207],[0,0]],"o":[[0,-7.259],[-4.118,-4.362],[-7.39,0],[-4.411,5.062],[0,8.529],[4.785,4.867],[6.445,0],[0,0],[-5.697,2.474],[-10.938,0],[0,0],[0,0]],"v":[[53.516,-30.615],[47.339,-48.047],[30.811,-54.59],[13.11,-46.997],[6.494,-26.416],[13.672,-6.323],[32.812,0.977],[50.586,-2.686],[50.586,-10.498],[32.52,-6.787],[15.723,-25.098],[53.516,-25.098]],"c":true},"ix":2},"nm":"e","mn":"ADBE Vector Shape - Group","hd":false},{"ind":1,"ty":"sh","ix":2,"ks":{"a":0,"k":{"i":[[-8.952,0],[0,-9.928],[0,0]],"o":[[8.854,0],[0,0],[0.846,-9.928]],"v":[[30.615,-47.217],[43.896,-32.324],[15.918,-32.324]],"c":true},"ix":2},"nm":"e","mn":"ADBE Vector Shape - Group","hd":false}],"nm":"e","np":5,"cix":2,"bm":0,"ix":1,"mn":"ADBE Vector Group","hd":false}]},"fFamily":"Noto Mono"},{"ch":"r","size":18,"style":"Regular","w":60.01,"data":{"shapes":[{"ty":"gr","it":[{"ind":0,"ty":"sh","ix":1,"ks":{"a":0,"k":{"i":[[3.841,0],[2.832,-1.66],[2.473,-3.873],[0,0],[0,0],[0,0],[0,0],[0,0],[0,0],[-2.881,3.011],[-5.306,0],[-4.004,-1.465],[0,0]],"o":[[-4.134,0],[-2.832,1.66],[0,0],[0,0],[0,0],[0,0],[0,0],[0,0],[0,-5.696],[2.881,-3.011],[3.288,0],[0,0],[-3.972,-1.465]],"v":[[39.99,-54.59],[29.541,-52.1],[21.582,-43.799],[21.191,-43.799],[20.117,-53.613],[12.891,-53.613],[12.891,0],[21.777,0],[21.777,-28.906],[26.099,-41.968],[38.379,-46.484],[49.316,-44.287],[51.709,-52.393]],"c":true},"ix":2},"nm":"r","mn":"ADBE Vector Shape - Group","hd":false}],"nm":"r","np":3,"cix":2,"bm":0,"ix":1,"mn":"ADBE Vector Group","hd":false}]},"fFamily":"Noto Mono"},{"ch":"”","size":18,"style":"Regular","w":60.01,"data":{"shapes":[{"ty":"gr","it":[{"ind":0,"ty":"sh","ix":1,"ks":{"a":0,"k":{"i":[[0,0],[2.116,-8.659],[0,0],[-1.791,6.934],[0,0]],"o":[[-1.172,7.65],[0,0],[3.938,-8.659],[0,0],[0,0]],"v":[[16.309,-71.387],[11.377,-46.924],[19.092,-46.924],[27.686,-70.312],[27.002,-71.387]],"c":true},"ix":2},"nm":"”","mn":"ADBE Vector Shape - Group","hd":false},{"ind":1,"ty":"sh","ix":2,"ks":{"a":0,"k":{"i":[[0,0],[2.116,-8.659],[0,0],[-1.791,6.934],[0,0]],"o":[[-1.172,7.65],[0,0],[3.938,-8.659],[0,0],[0,0]],"v":[[37.109,-71.387],[32.178,-46.924],[39.893,-46.924],[48.486,-70.312],[47.803,-71.387]],"c":true},"ix":2},"nm":"”","mn":"ADBE Vector Shape - Group","hd":false}],"nm":"”","np":5,"cix":2,"bm":0,"ix":1,"mn":"ADBE Vector Group","hd":false}]},"fFamily":"Noto Mono"},{"ch":">","size":18,"style":"Regular","w":60.01,"data":{"shapes":[{"ty":"gr","it":[{"ind":0,"ty":"sh","ix":1,"ks":{"a":0,"k":{"i":[[0,0],[0,0],[0,0],[0,0],[0,0],[0,0],[0,0]],"o":[[0,0],[0,0],[0,0],[0,0],[0,0],[0,0],[0,0]],"v":[[7.422,-10.791],[52.49,-32.812],[52.49,-37.793],[7.422,-59.814],[7.422,-52.002],[42.285,-35.303],[7.422,-18.604]],"c":true},"ix":2},"nm":">","mn":"ADBE Vector Shape - Group","hd":false}],"nm":">","np":3,"cix":2,"bm":0,"ix":1,"mn":"ADBE Vector Group","hd":false}]},"fFamily":"Noto Mono"},{"ch":"R","size":18,"style":"Regular","w":60.01,"data":{"shapes":[{"ty":"gr","it":[{"ind":0,"ty":"sh","ix":1,"ks":{"a":0,"k":{"i":[[0,0],[0,0],[0,0],[0,0],[0,9.343],[16.927,0],[0,0],[0,0],[0,0],[0,0]],"o":[[0,0],[0,0],[0,0],[9.407,-3.418],[0,-13.509],[0,0],[0,0],[0,0],[0,0],[0,0]],"v":[[29.395,-29.492],[46.484,0],[57.178,0],[37.793,-31.982],[51.904,-51.123],[26.514,-71.387],[9.082,-71.387],[9.082,0],[18.213,0],[18.213,-29.492]],"c":true},"ix":2},"nm":"R","mn":"ADBE Vector Shape - Group","hd":false},{"ind":1,"ty":"sh","ix":2,"ks":{"a":0,"k":{"i":[[0,0],[0,0],[-2.605,-2.018],[0,-4.59],[2.637,-2.148],[5.566,0],[0,0]],"o":[[0,0],[5.794,0],[2.604,2.019],[0,4.688],[-2.637,2.148],[0,0],[0,0]],"v":[[18.213,-63.623],[25.977,-63.623],[38.574,-60.596],[42.48,-50.684],[38.525,-40.43],[26.221,-37.207],[18.213,-37.207]],"c":true},"ix":2},"nm":"R","mn":"ADBE Vector Shape - Group","hd":false}],"nm":"R","np":5,"cix":2,"bm":0,"ix":1,"mn":"ADBE Vector Group","hd":false}]},"fFamily":"Noto Mono"},{"ch":"/","size":18,"style":"Regular","w":60.01,"data":{"shapes":[{"ty":"gr","it":[{"ind":0,"ty":"sh","ix":1,"ks":{"a":0,"k":{"i":[[0,0],[0,0],[0,0],[0,0]],"o":[[0,0],[0,0],[0,0],[0,0]],"v":[[40.918,-71.387],[10.303,0],[18.994,0],[49.609,-71.387]],"c":true},"ix":2},"nm":"/","mn":"ADBE Vector Shape - Group","hd":false}],"nm":"/","np":3,"cix":2,"bm":0,"ix":1,"mn":"ADBE Vector Group","hd":false}]},"fFamily":"Noto Mono"},{"ch":".","size":18,"style":"Regular","w":60.01,"data":{"shapes":[{"ty":"gr","it":[{"ind":0,"ty":"sh","ix":1,"ks":{"a":0,"k":{"i":[[0,-5.403],[-4.916,0],[0,5.404],[4.948,0]],"o":[[0,5.404],[4.948,0],[0,-5.403],[-4.916,0]],"v":[[22.607,-6.592],[29.98,1.514],[37.402,-6.592],[29.98,-14.697]],"c":true},"ix":2},"nm":".","mn":"ADBE Vector Shape - Group","hd":false}],"nm":".","np":3,"cix":2,"bm":0,"ix":1,"mn":"ADBE Vector Group","hd":false}]},"fFamily":"Noto Mono"},{"ch":"u","size":18,"style":"Regular","w":60.01,"data":{"shapes":[{"ty":"gr","it":[{"ind":0,"ty":"sh","ix":1,"ks":{"a":0,"k":{"i":[[0,0],[0,0],[0,0],[0,0],[2.409,-3.011],[5.241,0],[0,8.464],[0,0],[0,0],[0,0],[-12.728,0],[-3.418,5.437],[0,0],[0,0]],"o":[[0,0],[0,0],[0,0],[0,6.902],[-2.409,3.011],[-7.683,0],[0,0],[0,0],[0,0],[0,13.054],[7.454,0],[0,0],[0,0],[0,0]],"v":[[52.197,0],[52.197,-53.613],[43.311,-53.613],[43.311,-25.781],[39.697,-10.913],[28.223,-6.396],[16.699,-19.092],[16.699,-53.613],[7.812,-53.613],[7.812,-18.604],[26.904,0.977],[43.213,-7.178],[43.701,-7.178],[45.02,0]],"c":true},"ix":2},"nm":"u","mn":"ADBE Vector Shape - Group","hd":false}],"nm":"u","np":3,"cix":2,"bm":0,"ix":1,"mn":"ADBE Vector Group","hd":false}]},"fFamily":"Noto Mono"},{"ch":"b","size":18,"style":"Regular","w":60.01,"data":{"shapes":[{"ty":"gr","it":[{"ind":0,"ty":"sh","ix":1,"ks":{"a":0,"k":{"i":[[-6.738,0],[-3.744,4.9],[0,8.789],[3.727,4.867],[6.543,0],[3.483,-5.338],[0,0],[0,2.637],[0,0],[0,0],[0,0],[0,0],[0,0],[0,0]],"o":[[6.51,0],[3.743,-4.899],[0,-8.723],[-3.728,-4.866],[-6.999,0],[0,0],[0.26,-4.72],[0,0],[0,0],[0,0],[0,0],[0,0],[0,0],[3.743,5.176]],"v":[[32.324,0.977],[47.705,-6.372],[53.32,-26.904],[47.729,-47.29],[32.324,-54.59],[16.602,-46.582],[16.211,-46.582],[16.602,-57.617],[16.602,-75.977],[7.715,-75.977],[7.715,0],[14.209,0],[16.016,-6.787],[16.602,-6.787]],"c":true},"ix":2},"nm":"b","mn":"ADBE Vector Shape - Group","hd":false},{"ind":1,"ty":"sh","ix":2,"ks":{"a":0,"k":{"i":[[-2.181,3.06],[-5.046,0],[0,-13.477],[8.854,0],[2.262,3.142],[0,7.39]],"o":[[2.18,-3.059],[8.919,0],[0,13.737],[-4.948,0],[-2.263,-3.141],[0,-7.422]],"v":[[19.873,-42.627],[30.713,-47.217],[44.092,-27.002],[30.811,-6.396],[19.995,-11.108],[16.602,-26.904]],"c":true},"ix":2},"nm":"b","mn":"ADBE Vector Shape - Group","hd":false}],"nm":"b","np":5,"cix":2,"bm":0,"ix":1,"mn":"ADBE Vector Group","hd":false}]},"fFamily":"Noto Mono"},{"ch":"P","size":18,"style":"Regular","w":60.01,"data":{"shapes":[{"ty":"gr","it":[{"ind":0,"ty":"sh","ix":1,"ks":{"a":0,"k":{"i":[[0,0],[-4.509,4.004],[0,7.129],[16.731,0],[0,0],[0,0],[0,0],[0,0]],"o":[[8.594,0],[4.508,-4.004],[0,-13.932],[0,0],[0,0],[0,0],[0,0],[0,0]],"v":[[27.002,-27.783],[46.655,-33.789],[53.418,-50.488],[28.32,-71.387],[8.594,-71.387],[8.594,0],[17.676,0],[17.676,-27.783]],"c":true},"ix":2},"nm":"P","mn":"ADBE Vector Shape - Group","hd":false},{"ind":1,"ty":"sh","ix":2,"ks":{"a":0,"k":{"i":[[0,0],[0,0],[0,-9.082],[2.783,-2.344],[6.445,0],[0,0]],"o":[[0,0],[11.002,0],[0,4.98],[-2.783,2.344],[0,0],[0,0]],"v":[[17.676,-63.623],[27.49,-63.623],[43.994,-50],[39.819,-39.014],[25.977,-35.498],[17.676,-35.498]],"c":true},"ix":2},"nm":"P","mn":"ADBE Vector Shape - Group","hd":false}],"nm":"P","np":5,"cix":2,"bm":0,"ix":1,"mn":"ADBE Vector Group","hd":false}]},"fFamily":"Noto Mono"},{"ch":"m","size":18,"style":"Regular","w":60.01,"data":{"shapes":[{"ty":"gr","it":[{"ind":0,"ty":"sh","ix":1,"ks":{"a":0,"k":{"i":[[0,0],[0,0],[1.888,3.011],[4.166,0],[2.473,-5.924],[0,0],[5.305,0],[2.18,-5.469],[0,0],[0,0],[0,0],[0,0],[0,0],[0,0],[-1.172,2.588],[-2.734,0],[0,-8.463],[0,0],[0,0],[0,0],[-1.286,2.702],[-2.832,0],[-0.863,-1.855],[0,-4.752],[0,0]],"o":[[0,0],[0,-7.031],[-1.888,-3.011],[-4.655,0],[0,0],[-1.628,-5.924],[-4.362,0],[0,0],[0,0],[0,0],[0,0],[0,0],[0,0],[0,-7.78],[1.172,-2.588],[4.069,0],[0,0],[0,0],[0,0],[0,-6.348],[1.286,-2.702],[2.018,0],[0.862,1.855],[0,0],[0,0]],"v":[[55.615,0],[55.615,-35.01],[52.783,-50.073],[43.701,-54.59],[33.008,-45.703],[32.715,-45.703],[22.314,-54.59],[12.5,-46.387],[12.012,-46.387],[10.693,-53.613],[4.492,-53.613],[4.492,0],[12.402,0],[12.402,-27.783],[14.16,-43.335],[20.02,-47.217],[26.123,-34.521],[26.123,0],[33.984,0],[33.984,-29.59],[35.913,-43.164],[42.09,-47.217],[46.411,-44.434],[47.705,-34.521],[47.705,0]],"c":true},"ix":2},"nm":"m","mn":"ADBE Vector Shape - Group","hd":false}],"nm":"m","np":3,"cix":2,"bm":0,"ix":1,"mn":"ADBE Vector Group","hd":false}]},"fFamily":"Noto Mono"},{"ch":"g","size":18,"style":"Regular","w":60.01,"data":{"shapes":[{"ty":"gr","it":[{"ind":0,"ty":"sh","ix":1,"ks":{"a":0,"k":{"i":[[0,0],[2.799,0],[3.467,-3.206],[0,-5.924],[-1.66,-2.783],[-2.898,-1.204],[0,-3.645],[-3.125,-1.53],[0,-6.902],[-3.695,-2.621],[-7.097,0],[0,12.272],[2.995,2.507],[5.664,0],[0,0],[0,2.734],[-3.255,1.823],[-1.791,0],[-3.467,3.109],[0,5.241],[2.116,2.767],[0,0],[0,0]],"o":[[-2.084,-0.651],[-6.413,0],[-3.467,3.207],[0,3.288],[1.66,2.783],[-4.33,2.605],[0,3.484],[-7.812,1.888],[0,4.72],[3.694,2.62],[18.391,0],[0,-4.655],[-2.995,-2.506],[0,0],[-5.241,0],[0,-2.506],[1.009,0.195],[6.184,0],[3.467,-3.108],[0,-4.166],[0,0],[0,0],[0,0]],"v":[[36.523,-53.613],[29.199,-54.59],[14.38,-49.78],[9.18,-36.084],[11.67,-26.978],[18.506,-20.996],[12.012,-11.621],[16.699,-4.102],[4.98,9.082],[10.522,20.093],[26.709,24.023],[54.297,5.615],[49.805,-5.127],[36.816,-8.887],[27.686,-8.887],[19.824,-12.988],[24.707,-19.482],[28.906,-19.189],[43.384,-23.853],[48.584,-36.377],[45.41,-46.777],[54.98,-48.096],[54.98,-53.613]],"c":true},"ix":2},"nm":"g","mn":"ADBE Vector Shape - Group","hd":false},{"ind":1,"ty":"sh","ix":2,"ks":{"a":0,"k":{"i":[[0,7.39],[-7.324,0],[0,-7.78],[7.259,0]],"o":[[0,-7.877],[7.324,0],[0,7.487],[-7.39,0]],"v":[[17.92,-36.377],[28.906,-48.193],[39.893,-36.523],[29.004,-25.293]],"c":true},"ix":2},"nm":"g","mn":"ADBE Vector Shape - Group","hd":false},{"ind":2,"ty":"sh","ix":3,"ks":{"a":0,"k":{"i":[[-1.628,-0.993],[0,-2.865],[12.858,0],[0,5.664],[-7.487,0],[0,0]],"o":[[1.627,0.993],[0,7.259],[-8.822,0],[0,-6.445],[0,0],[4.817,0]],"v":[[43.457,0.61],[45.898,6.396],[26.611,17.285],[13.379,8.789],[24.609,-0.879],[33.789,-0.879]],"c":true},"ix":2},"nm":"g","mn":"ADBE Vector Shape - Group","hd":false}],"nm":"g","np":6,"cix":2,"bm":0,"ix":1,"mn":"ADBE Vector Group","hd":false}]},"fFamily":"Noto Mono"},{"ch":"A","size":18,"style":"Regular","w":60.01,"data":{"shapes":[{"ty":"gr","it":[{"ind":0,"ty":"sh","ix":1,"ks":{"a":0,"k":{"i":[[0,0],[0,0],[0,0],[0,0],[0,0],[0,0],[0,0],[0,0]],"o":[[0,0],[0,0],[0,0],[0,0],[0,0],[0,0],[0,0],[0,0]],"v":[[58.398,0],[34.717,-71.68],[25.195,-71.68],[1.611,0],[10.889,0],[18.018,-22.119],[41.992,-22.119],[49.023,0]],"c":true},"ix":2},"nm":"A","mn":"ADBE Vector Shape - Group","hd":false},{"ind":1,"ty":"sh","ix":2,"ks":{"a":0,"k":{"i":[[0,0],[0,0],[-0.652,3.223],[-1.27,-4.036],[0,0]],"o":[[0,0],[0.846,-2.734],[0.748,3.32],[0,0],[0,0]],"v":[[20.605,-30.176],[27.637,-52.979],[29.883,-61.914],[32.91,-50.879],[39.404,-30.176]],"c":true},"ix":2},"nm":"A","mn":"ADBE Vector Shape - Group","hd":false}],"nm":"A","np":5,"cix":2,"bm":0,"ix":1,"mn":"ADBE Vector Group","hd":false}]},"fFamily":"Noto Mono"}]}