<?xml version="1.0" encoding="UTF-8"?>
<rss version="2.0" xmlns:atom="http://www.w3.org/2005/Atom" xmlns:content="http://purl.org/rss/1.0/modules/content/" xmlns:dc="http://purl.org/dc/elements/1.1/" xmlns:sparkle="http://www.andymatuschak.org/xml-namespaces/sparkle">
  <channel>
    <title>Denali Charts</title>
    <description>This sketch libray houses all elements to build Denali Charts.</description>
    <image>
      <url></url>
      <title>Denali Charts</title>
    </image>
    <generator>Sketch</generator>
    <item>
      <title>Denali Charts</title>
      <pubDate>Mon, 9 Sep 2019 10:00:00 +0000</pubDate>
      <enclosure url="https://denali.design/downloads/sketch/libraries/denali-charts-library.sketch" type="application/octet-stream" sparkle:version="1.1"/>
    </item>
  </channel>
</rss>

<!-- URL -->
<!-- https://denali.design/downloads/sketch/libraries/denali-charts.xml -->

<!-- Encoded -->
<!-- https%3A%2F%2Fdenali.design%2Fdownloads%2Fsketch%2Flibraries%2Fdenali-charts.xml -->
